File,URL
/Users/Tim/Code/Github/BMPStaging/ForestryBMPs/SitePlanning.html,"<a href=""../BMPpdfs/00433_to_00473_TXForestService.pdf"">"
/Users/Tim/Code/Github/BMPStaging/ForestryBMPs/FireManagement.html,"<a href=""../BMPpdfs/00433_to_00473_TXForestService.pdf"">"
/Users/Tim/Code/Github/BMPStaging/ForestryBMPs/FireManagement.html,"<a href=""../BMPpdfs/01200_to_01208_MissouriForest.pdf"">"
/Users/Tim/Code/Github/BMPStaging/ForestryBMPs/FireManagement.html,"<a href=""../BMPpdfs/01573_to_01581_NorthDakotaForestry.pdf"">"
/Users/Tim/Code/Github/BMPStaging/ForestryBMPs/FireManagement.html,"<a href=""../BMPpdfs/01990_rxfireguide.pdf"">"
/Users/Tim/Code/Github/BMPStaging/ForestryBMPs/FireManagement.html,"<a href=""../BMPpdfs/01960_appdx_g_northfork_pile_burning.pdf"">"
/Users/Tim/Code/Github/BMPStaging/ForestryBMPs/FireManagement.html,"<a href=""../BMPpdfs/01985_PrescribedBurning08.pdf"">"
/Users/Tim/Code/Github/BMPStaging/ForestryBMPs/FireManagement.html,"<a href=""../BMPpdfs/01571_wildfire.pdf"">"
/Users/Tim/Code/Github/BMPStaging/ForestryBMPs/FireManagement.html,"<a href=""../BMPpdfs/00589_to_00666_conservation_buffers.pdf"">"
/Users/Tim/Code/Github/BMPStaging/ForestryBMPs/Harvesting.html,"<a href=""../BMPpdfs/01018_to_01054_BMPHandbook_Chesapeake.pdf"">"
/Users/Tim/Code/Github/BMPStaging/ForestryBMPs/Harvesting.html,"<a href=""../BMPpdfs/01582_to_01597_BMP_ASSESSMENT_FINAL_REPORT.pdf"">"
/Users/Tim/Code/Github/BMPStaging/ForestryBMPs/Harvesting.html,"<a href=""../BMPpdfs/00433_to_00473_TXForestService.pdf"">"
/Users/Tim/Code/Github/BMPStaging/ForestryBMPs/Harvesting.html,"<a href=""../BMPpdfs/01200_to_01208_MissouriForest.pdf"">"
/Users/Tim/Code/Github/BMPStaging/ForestryBMPs/Harvesting.html,"<a href=""../BMPpdfs/01347_to_01350_OklahomaForestry.pdf"">"
/Users/Tim/Code/Github/BMPStaging/ForestryBMPs/Harvesting.html,"<a href=""../BMPpdfs/01425_TimberHarvest.pdf"">"
/Users/Tim/Code/Github/BMPStaging/ForestryBMPs/Harvesting.html,"<a href=""../BMPpdfs/01209_to_01214_MontanaForestry.pdf"">"
/Users/Tim/Code/Github/BMPStaging/ForestryBMPs/Harvesting.html,"<a href=""../BMPpdfs/01573_to_01581_NorthDakotaForestry.pdf"">"
/Users/Tim/Code/Github/BMPStaging/ForestryBMPs/RoadDrainage.html,"<a href=""../BMPpdfs/00433_to_00473_TXForestService.pdf"">"
/Users/Tim/Code/Github/BMPStaging/ForestryBMPs/ChemicalManagement.html,"<a href=""../BMPpdfs/01347_to_01350_OklahomaForestry.pdf"">"
/Users/Tim/Code/Github/BMPStaging/ForestryBMPs/ChemicalManagement.html,"<a href=""../BMPpdfs/00433_to_00473_TXForestService.pdf"">"
/Users/Tim/Code/Github/BMPStaging/ForestryBMPs/ChemicalManagement.html,"<a href=""../BMPpdfs/01347_to_01350_OklahomaForestry.pdf"">"
/Users/Tim/Code/Github/BMPStaging/ForestryBMPs/ChemicalManagement.html,"<a href=""../BMPpdfs/00433_to_00473_TXForestService.pdf"">"
/Users/Tim/Code/Github/BMPStaging/UplandBMPs/BrushManagement.html,"<a href=""../BMPpdfs/01988_RedcedarOklahoma.pdf"">"
/Users/Tim/Code/Github/BMPStaging/UplandBMPs/BrushManagement.html,"<a href=""../BMPpdfs/01962_brush_management.pdf"">"
/Users/Tim/Code/Github/BMPStaging/UplandBMPs/BrushManagement.html,"<a href=""../BMPpdfs/01977_IowaBrushManagement.pdf"">"
/Users/Tim/Code/Github/BMPStaging/UplandBMPs/BrushManagement.html,"<a href=""../BMPpdfs/00140_to_00294_TCEQ BMPFinder.pdf"">"
/Users/Tim/Code/Github/BMPStaging/UplandBMPs/BrushManagement.html,"<a href=""../BMPpdfs/00295_to_00314_water_conservation_bmp.pdf"">"
/Users/Tim/Code/Github/BMPStaging/UplandBMPs/BrushManagement.html,"<a href=""../BMPpdfs/00887_to_00910_KSUInformationSigns.pdf"">"
/Users/Tim/Code/Github/BMPStaging/UplandBMPs/BrushManagement.html,"<a href=""../BMPpdfs/01598_BrushManagementNRCS.pdf"">"
/Users/Tim/Code/Github/BMPStaging/UplandBMPs/BrushManagement.html,"<a href=""../BMPpdfs/01980_OklahomaRedCedar.pdf"">"
/Users/Tim/Code/Github/BMPStaging/UplandBMPs/BrushManagement.html,"<a href=""../BMPpdfs/01976_hopkins_and_mcgillicuddy.pdf"">"
/Users/Tim/Code/Github/BMPStaging/UplandBMPs/BrushManagement.html,"<a href=""../BMPpdfs/01993_TTUMesquite.pdf"">"
/Users/Tim/Code/Github/BMPStaging/UplandBMPs/BrushManagement.html,"<a href=""../BMPpdfs/00421_to_00428_Land_Mgt_Tips_Small_Ranches_Texas_comp.pdf"">"
/Users/Tim/Code/Github/BMPStaging/UplandBMPs/FireManagement.html,"<a href=""../BMPpdfs/01961_ArkansasVSMG.pdf"">"
/Users/Tim/Code/Github/BMPStaging/UplandBMPs/FireManagement.html,"<a href=""../BMPpdfs/01967_Fireguidlines.pdf"">"
/Users/Tim/Code/Github/BMPStaging/UplandBMPs/FireManagement.html,"<a href=""../BMPpdfs/00433_to_00473_TXForestService.pdf"">"
/Users/Tim/Code/Github/BMPStaging/UplandBMPs/FireManagement.html,"<a href=""../BMPpdfs/01200_to_01208_MissouriForest.pdf"">"
/Users/Tim/Code/Github/BMPStaging/UplandBMPs/FireManagement.html,"<a href=""../BMPpdfs/01970_FlagstaffAZFire.pdf"">"
/Users/Tim/Code/Github/BMPStaging/UplandBMPs/FireManagement.html,"<a href=""../BMPpdfs/01990_rxfireguide.pdf"">"
/Users/Tim/Code/Github/BMPStaging/UplandBMPs/FireManagement.html,"<a href=""../BMPpdfs/01968_FireManagement.pdf"">"
/Users/Tim/Code/Github/BMPStaging/UplandBMPs/FireManagement.html,"<a href=""../BMPpdfs/01981_OklahomaRxBurning.pdf"">"
/Users/Tim/Code/Github/BMPStaging/UplandBMPs/FireManagement.html,"<a href=""../BMPpdfs/01975_HMFSPrescribedBurn.pdf"">"
/Users/Tim/Code/Github/BMPStaging/UplandBMPs/FireManagement.html,"<a href=""../BMPpdfs/01986_LAburn.pdf"">"
/Users/Tim/Code/Github/BMPStaging/UplandBMPs/FireManagement.html,"<a href=""../BMPpdfs/01989_RxBurningSouthDakota.pdf"">"
/Users/Tim/Code/Github/BMPStaging/UplandBMPs/FireManagement.html,"<a href=""../BMPpdfs/01978_KansasStateFireNotebook.pdf"">"
/Users/Tim/Code/Github/BMPStaging/UplandBMPs/FireManagement.html,"<a href=""../BMPpdfs/01992_TOWMABurnPlan.pdf"">"
/Users/Tim/Code/Github/BMPStaging/UplandBMPs/FireManagement.html,"<a href=""../BMPpdfs/01966_FireFlorida.pdf"">"
/Users/Tim/Code/Github/BMPStaging/UplandBMPs/FireManagement.html,"<a href=""../BMPpdfs/01985_PrescribedBurning08.pdf"">"
/Users/Tim/Code/Github/BMPStaging/UplandBMPs/FireManagement.html,"<a href=""../BMPpdfs/02001_WisconsinPrescribedBurning.PDF"">"
/Users/Tim/Code/Github/BMPStaging/UplandBMPs/FireManagement.html,"<a href=""../BMPpdfs/01991_RxFireinMichigan_BMPs_2010.pdf"">"
/Users/Tim/Code/Github/BMPStaging/UplandBMPs/FireManagement.html,"<a href=""../BMPpdfs/01983_PARC_Prescribed_Burning_Guidelines_Final_Edition_10-11-09.pdf"">"
/Users/Tim/Code/Github/BMPStaging/UplandBMPs/FireManagement.html,"<a href=""../BMPpdfs/01960_appdx_g_northfork_pile_burning.pdf"">"
/Users/Tim/Code/Github/BMPStaging/UplandBMPs/FireManagement.html,"<a href=""../BMPpdfs/01987_RangeBurningTexas.pdf"">"
/Users/Tim/Code/Github/BMPStaging/UplandBMPs/FireManagement.html,"<a href=""../BMPpdfs/01994_VFD_Iowa_rx_fire_materials.pdf"">"
/Users/Tim/Code/Github/BMPStaging/UplandBMPs/FireManagement.html,"<a href=""../BMPpdfs/01217_to_01298_NevadaHandbook.pdf"">"
/Users/Tim/Code/Github/BMPStaging/UplandBMPs/FireManagement.html,"<a href=""../BMPpdfs/01571_wildfire.pdf"">"
/Users/Tim/Code/Github/BMPStaging/UplandBMPs/UplandHabitatFragmentation.html,"<a href=""../BMPpdfs/01963_corridordesign.org_BMPs_for_Corridors.pdf"">"
/Users/Tim/Code/Github/BMPStaging/UplandBMPs/UplandHabitatFragmentation.html,"<a href=""../BMPpdfs/00589_to_00666_conservation_buffers.pdf"">"
/Users/Tim/Code/Github/BMPStaging/UplandBMPs/UplandHabitatFragmentation.html,"<a href=""../BMPpdfs/00589_to_00666_conservation_buffers.pdf"">"
/Users/Tim/Code/Github/BMPStaging/UplandBMPs/UplandHabitatFragmentation.html,"<a href=""../BMPpdfs/01964_DeptEnvQualIdahoCorridors.pdf"">"
/Users/Tim/Code/Github/BMPStaging/UplandBMPs/UplandHabitatFragmentation.html,"<a href=""../BMPpdfs/01982_OregonCorridors.pdf"">"
/Users/Tim/Code/Github/BMPStaging/InstreamHabitatBMPs/JVanes.html,"<a href=""../BMPpdfs/00725_to_00756_Urban_Stream_Repair_Practices.pdf"">"
/Users/Tim/Code/Github/BMPStaging/InstreamHabitatBMPs/JVanes.html,"<a href=""../BMPpdfs/00823_to_00847_StreambankStabilizationManagementMeasures.pdf"">"
/Users/Tim/Code/Github/BMPStaging/InstreamHabitatBMPs/JVanes.html,"<a href=""../BMPpdfs/00760_to_00806_AustralianStreamRehabilitationManualvol2.pdf"">"
/Users/Tim/Code/Github/BMPStaging/InstreamHabitatBMPs/JVanes.html,"<a href=""../BMPpdfs/00965_to00986_Impacts.pdf"">"
/Users/Tim/Code/Github/BMPStaging/InstreamHabitatBMPs/JVanes.html,"<a href=""../BMPpdfs/00725_to_00756_Urban_Stream_Repair_Practices.pdf"">"
/Users/Tim/Code/Github/BMPStaging/InstreamHabitatBMPs/JVanes.html,"<a href=""../BMPpdfs/00965_to00986_Impacts.pdf"">"
/Users/Tim/Code/Github/BMPStaging/InstreamHabitatBMPs/RockVortexWeir.html,"<a href=""../BMPpdfs/00725_to_00756_Urban_Stream_Repair_Practices.pdf"">"
/Users/Tim/Code/Github/BMPStaging/InstreamHabitatBMPs/RockVortexWeir.html,"<a href=""../BMPpdfs/00725_to_00756_Urban_Stream_Repair_Practices.pdf"">"
/Users/Tim/Code/Github/BMPStaging/InstreamHabitatBMPs/WoodyDebris.html,"<a href=""../BMPpdfs/00725_to_00756_Urban_Stream_Repair_Practices.pdf"">"
/Users/Tim/Code/Github/BMPStaging/InstreamHabitatBMPs/WoodyDebris.html,"<a href=""../BMPpdfs/01346_OhioWood.pdf"">"
/Users/Tim/Code/Github/BMPStaging/InstreamHabitatBMPs/WoodyDebris.html,"<a href=""../BMPpdfs/00760_to_00806_AustralianStreamRehabilitationManualvol2.pdf"">"
/Users/Tim/Code/Github/BMPStaging/InstreamHabitatBMPs/WoodyDebris.html,"<a href=""../BMPpdfs/00760_to_00806_AustralianStreamRehabilitationManualvol2.pdf"">"
/Users/Tim/Code/Github/BMPStaging/InstreamHabitatBMPs/WoodyDebris.html,"<a href=""../BMPpdfs/00477_streambankhabitatenhancement.pdf"">"
/Users/Tim/Code/Github/BMPStaging/InstreamHabitatBMPs/WoodyDebris.html,"<a href=""../BMPpdfs/00987_WoodyDebris.pdf"">"
/Users/Tim/Code/Github/BMPStaging/InstreamHabitatBMPs/WoodyDebris.html,"<a href=""../BMPpdfs/01346_OhioWood.pdf"">"
/Users/Tim/Code/Github/BMPStaging/InstreamHabitatBMPs/WoodyDebris.html,"<a href=""../BMPpdfs/00477_streambankhabitatenhancement.pdf"">"
/Users/Tim/Code/Github/BMPStaging/InstreamHabitatBMPs/StepPools.html,"<a href=""../BMPpdfs/00725_to_00756_Urban_Stream_Repair_Practices.pdf"">"
/Users/Tim/Code/Github/BMPStaging/InstreamHabitatBMPs/StepPools.html,"<a href=""../BMPpdfs/00725_to_00756_Urban_Stream_Repair_Practices.pdf"">"
/Users/Tim/Code/Github/BMPStaging/InstreamHabitatBMPs/FloatingLogCover.html,"<a href=""../BMPpdfs/00094_floatinglog.pdf"">"
/Users/Tim/Code/Github/BMPStaging/InstreamHabitatBMPs/FloatingLogCover.html,"<a href=""../BMPpdfs/00094_floatinglog.pdf"">"
/Users/Tim/Code/Github/BMPStaging/InstreamHabitatBMPs/FloatingLogCover.html,"<a href=""../BMPpdfs/00095_halflog.pdf"">"
/Users/Tim/Code/Github/BMPStaging/InstreamHabitatBMPs/FloatingLogCover.html,"<a href=""../BMPpdfs/00094_floatinglog.pdf"">"
/Users/Tim/Code/Github/BMPStaging/InstreamHabitatBMPs/BoulderClusters.html,"<a href=""../BMPpdfs/00089_boulderclusters.pdf"">"
/Users/Tim/Code/Github/BMPStaging/InstreamHabitatBMPs/BoulderClusters.html,"<a href=""../BMPpdfs/00725_to_00756_Urban_Stream_Repair_Practices.pdf"">"
/Users/Tim/Code/Github/BMPStaging/InstreamHabitatBMPs/BoulderClusters.html,"<a href=""../BMPpdfs/00479_boulderclusters.pdf"">"
/Users/Tim/Code/Github/BMPStaging/InstreamHabitatBMPs/BoulderClusters.html,"<a href=""../BMPpdfs/00760_to_00806_AustralianStreamRehabilitationManualvol2.pdf"">"
/Users/Tim/Code/Github/BMPStaging/InstreamHabitatBMPs/BoulderClusters.html,"<a href=""../BMPpdfs/00760_to_00806_AustralianStreamRehabilitationManualvol2.pdf"">"
/Users/Tim/Code/Github/BMPStaging/InstreamHabitatBMPs/BoulderClusters.html,"<a href=""../BMPpdfs/00089_boulderclusters.pdf"">"
/Users/Tim/Code/Github/BMPStaging/InstreamHabitatBMPs/BoulderClusters.html,"<a href=""../BMPpdfs/00479_boulderclusters.pdf"">"
/Users/Tim/Code/Github/BMPStaging/InstreamHabitatBMPs/Lunker.html,"<a href=""../BMPpdfs/00121_lunkerstruct.pdf"">"
/Users/Tim/Code/Github/BMPStaging/InstreamHabitatBMPs/Lunker.html,"<a href=""../BMPpdfs/00725_to_00756_Urban_Stream_Repair_Practices.pdf"">"
/Users/Tim/Code/Github/BMPStaging/InstreamHabitatBMPs/Lunker.html,"<a href=""../BMPpdfs/00121_lunkerstruct.pdf"">"
/Users/Tim/Code/Github/BMPStaging/InstreamHabitatBMPs/Lunker.html,"<a href=""../BMPpdfs/00725_to_00756_Urban_Stream_Repair_Practices.pdf"">"
/Users/Tim/Code/Github/BMPStaging/InstreamHabitatBMPs/RockCrossVane.html,"<a href=""../BMPpdfs/00725_to_00756_Urban_Stream_Repair_Practices.pdf"">"
/Users/Tim/Code/Github/BMPStaging/InstreamHabitatBMPs/RockCrossVane.html,"<a href=""../BMPpdfs/00725_to_00756_Urban_Stream_Repair_Practices.pdf"">"
/Users/Tim/Code/Github/BMPStaging/InstreamHabitatBMPs/WingDeflectors.html,"<a href=""../BMPpdfs/00140_to_00294_TCEQ BMPFinder.pdf"">"
/Users/Tim/Code/Github/BMPStaging/InstreamHabitatBMPs/WingDeflectors.html,"<a href=""../BMPpdfs/01332_OhioDeflectors.pdf"">"
/Users/Tim/Code/Github/BMPStaging/InstreamHabitatBMPs/WingDeflectors.html,"<a href=""../BMPpdfs/00113_doublewing.pdf"">"
/Users/Tim/Code/Github/BMPStaging/InstreamHabitatBMPs/WingDeflectors.html,"<a href=""../BMPpdfs/00760_to_00806_AustralianStreamRehabilitationManualvol2.pdf"">"
/Users/Tim/Code/Github/BMPStaging/InstreamHabitatBMPs/WingDeflectors.html,"<a href=""../BMPpdfs/00128_singlewing.pdf"">"
/Users/Tim/Code/Github/BMPStaging/InstreamHabitatBMPs/WingDeflectors.html,"<a href=""../BMPpdfs/00725_to_00756_Urban_Stream_Repair_Practices.pdf"">"
/Users/Tim/Code/Github/BMPStaging/InstreamHabitatBMPs/WingDeflectors.html,"<a href=""../BMPpdfs/01332_OhioDeflectors.pdf"">"
/Users/Tim/Code/Github/BMPStaging/InstreamHabitatBMPs/WingDeflectors.html,"<a href=""../BMPpdfs/00113_doublewing.pdf"">"
/Users/Tim/Code/Github/BMPStaging/InstreamHabitatBMPs/WingDeflectors.html,"<a href=""../BMPpdfs/00128_singlewing.pdf"">"
/Users/Tim/Code/Github/BMPStaging/UrbanBMPs/StormWater.html,"<a href=""../BMPpdfs/00548_to_00557_Maintaining_stormwatersystems.pdf"">"
/Users/Tim/Code/Github/BMPStaging/WatershedConnectivityBMPs/CulvertDesign.html,"<a href=""../BMPpdfs/01582_to_01600_TexasForest.pdf"">"
/Users/Tim/Code/Github/BMPStaging/WatershedConnectivityBMPs/CulvertDesign.html,"<a href=""../BMPpdfs/00725_to_00756_Urban_Stream_Repair_Practices.pdf"">"
/Users/Tim/Code/Github/BMPStaging/WatershedConnectivityBMPs/CulvertDesign.html,"<a href=""../BMPpdfs/00725_to_00756_Urban_Stream_Repair_Practices.pdf"">"
/Users/Tim/Code/Github/BMPStaging/WatershedConnectivityBMPs/CulvertDesign.html,"<a href=""../BMPpdfs/00420_culverts.pdf"">"
/Users/Tim/Code/Github/BMPStaging/WatershedConnectivityBMPs/CulvertDesign.html,"<a href=""../BMPpdfs/01862_WashingtonCulverts.pdf"">"
/Users/Tim/Code/Github/BMPStaging/WatershedConnectivityBMPs/CulvertDesign.html,"<a href=""../BMPpdfs/01157_to_001193_MidPen.pdf"">"
/Users/Tim/Code/Github/BMPStaging/WatershedConnectivityBMPs/CulvertDesign.html,"<a href=""../BMPpdfs/00929_to_00933_VirginiaForestryA1.pdf"">"
/Users/Tim/Code/Github/BMPStaging/WatershedConnectivityBMPs/CulvertDesign.html,"<a href=""../BMPpdfs/01555_to_1569_WestVirginaForestry.pdf"">"
/Users/Tim/Code/Github/BMPStaging/WatershedConnectivityBMPs/CulvertDesign.html,"<a href=""../BMPpdfs/00760_to_00806_AustralianStreamRehabilitationManualvol2.pdf"">"
/Users/Tim/Code/Github/BMPStaging/WatershedConnectivityBMPs/CulvertDesign.html,"<a href=""../BMPpdfs/01555_to_1569_WestVirginaForestry.pdf"">"
/Users/Tim/Code/Github/BMPStaging/WatershedConnectivityBMPs/CulvertDesign.html,"<a href=""../BMPpdfs/01555_to_1569_WestVirginaForestry.pdf"">"
/Users/Tim/Code/Github/BMPStaging/WatershedConnectivityBMPs/CulvertDesign.html,"<a href=""../BMPpdfs/00433_to_00473_TXForestService.pdf"">"
/Users/Tim/Code/Github/BMPStaging/WatershedConnectivityBMPs/CulvertDesign.html,"<a href=""../BMPpdfs/01217_to_01298_NevadaHandbook.pdf"">"
/Users/Tim/Code/Github/BMPStaging/WatershedConnectivityBMPs/FishPassage.html,"<a href=""../BMPpdfs/01959_AlamedaCreekFishPassage.pdf"">"
/Users/Tim/Code/Github/BMPStaging/WatershedConnectivityBMPs/FishPassage.html,"<a href=""../BMPpdfs/00706_DOT.pdf"">"
/Users/Tim/Code/Github/BMPStaging/WatershedConnectivityBMPs/FishPassage.html,"<a href=""../BMPpdfs/01862_WashingtonCulverts.pdf"">"
/Users/Tim/Code/Github/BMPStaging/WatershedConnectivityBMPs/FishPassage.html,"<a href=""../BMPpdfs/00093_fishpassages.pdf"">"
/Users/Tim/Code/Github/BMPStaging/WatershedConnectivityBMPs/FishPassage.html,"<a href=""../BMPpdfs/00671_to_00704_RoadMaintenance.pdf"">"
/Users/Tim/Code/Github/BMPStaging/WatershedConnectivityBMPs/FishPassage.html,"<a href=""../BMPpdfs/00705_Fish_Passage_Policy_Final_2nd_Edition_w_cover2.pdf"">"
/Users/Tim/Code/Github/BMPStaging/WatershedConnectivityBMPs/FishPassage.html,"<a href=""../BMPpdfs/00670_Fishpass22.pdf"">"
/Users/Tim/Code/Github/BMPStaging/WatershedConnectivityBMPs/FishPassage.html,"<a href=""../BMPpdfs/00760_to_00806_AustralianStreamRehabilitationManualvol2.pdf"">"
/Users/Tim/Code/Github/BMPStaging/WatershedConnectivityBMPs/FishPassage.html,"<a href=""../BMPpdfs/00760_to_00806_AustralianStreamRehabilitationManualvol2.pdf"">"
/Users/Tim/Code/Github/BMPStaging/WatershedConnectivityBMPs/FishPassage.html,"<a href=""../BMPpdfs/00760_to_00806_AustralianStreamRehabilitationManualvol2.pdf"">"
/Users/Tim/Code/Github/BMPStaging/WatershedConnectivityBMPs/FishPassage.html,"<a href=""../BMPpdfs/01925_to_01956_WashingtonStreamHabitat.pdf"">"
/Users/Tim/Code/Github/BMPStaging/WatershedConnectivityBMPs/FishPassage.html,"<a href=""../BMPpdfs/02000_Willamette_DFP_DRR.pdf"">"
/Users/Tim/Code/Github/BMPStaging/WatershedConnectivityBMPs/FishPassage.html,"<a href=""../BMPpdfs/00093_fishpassages.pdf"">"
/Users/Tim/Code/Github/BMPStaging/WatershedConnectivityBMPs/FishPassage.html,"<a href=""../BMPpdfs/01862_WashingtonCulverts.pdf"">"
/Users/Tim/Code/Github/BMPStaging/ConstructionBMPs/CheckDams.html,"<a href=""../BMPpdfs/00027_checkdam.pdf"">"
/Users/Tim/Code/Github/BMPStaging/ConstructionBMPs/CheckDams.html,"<a href=""../BMPpdfs/00140_to_00294_TCEQ BMPFinder.pdf"">"
/Users/Tim/Code/Github/BMPStaging/ConstructionBMPs/CheckDams.html,"<a href=""../BMPpdfs/00867_to_00886construction.pdf"">"
/Users/Tim/Code/Github/BMPStaging/ConstructionBMPs/CheckDams.html,"<a href=""../BMPpdfs/01131_to_01148_IslandCountyConstruction.pdf"">"
/Users/Tim/Code/Github/BMPStaging/ConstructionBMPs/CheckDams.html,"<a href=""../BMPpdfs/01355_to_01386_PortandErosion.pdf"">"
/Users/Tim/Code/Github/BMPStaging/ConstructionBMPs/CheckDams.html,"<a href=""../BMPpdfs/01436_to_01489_Vancouver.pdf"">"
/Users/Tim/Code/Github/BMPStaging/ConstructionBMPs/CheckDams.html,"<a href=""../BMPpdfs/01402_to_1420_StCloudSediment.pdf"">"
/Users/Tim/Code/Github/BMPStaging/ConstructionBMPs/CheckDams.html,"<a href=""../BMPpdfs/00940_to_00942_VirginiaForestryA3.pdf"">"
/Users/Tim/Code/Github/BMPStaging/ConstructionBMPs/CheckDams.html,"<a href=""../BMPpdfs/01490_to_01539_WashingtonBMP.pdf"">"
/Users/Tim/Code/Github/BMPStaging/ConstructionBMPs/CheckDams.html,"<a href=""../BMPpdfs/01299_to_01310_NewHampshireErosion.pdf"">"
/Users/Tim/Code/Github/BMPStaging/ConstructionBMPs/CheckDams.html,"<a href=""../BMPpdfs/01311_to_01324_NewHampshireUtility.pdf"">"
/Users/Tim/Code/Github/BMPStaging/ConstructionBMPs/CheckDams.html,"<a href=""../BMPpdfs/00027_checkdam.pdf"">"
/Users/Tim/Code/Github/BMPStaging/ConstructionBMPs/CheckDams.html,"<a href=""../BMPpdfs/01131_to_01148_IslandCountyConstruction.pdf"">"
/Users/Tim/Code/Github/BMPStaging/ConstructionBMPs/MaterialStockpiles.html,"<a href=""../BMPpdfs/01131_to_01148_IslandCountyConstruction.pdf"">"
/Users/Tim/Code/Github/BMPStaging/ConstructionBMPs/MaterialStockpiles.html,"<a href=""../BMPpdfs/01131_to_01148_IslandCountyConstruction.pdf"">"
/Users/Tim/Code/Github/BMPStaging/AgBMPs/IrrigationManagement.html,"<a href=""../BMPpdfs/00295_to_00314_water_conservation_bmp.pdf"">"
/Users/Tim/Code/Github/BMPStaging/AgBMPs/IrrigationManagement.html,"<a href=""../BMPpdfs/00295_to_00314_water_conservation_bmp.pdf"">"
/Users/Tim/Code/Github/BMPStaging/AgBMPs/IrrigationManagement.html,"<a href=""../BMPpdfs/01058_to_01095_CADevelopmentHandbook.pdf"">"
/Users/Tim/Code/Github/BMPStaging/AgBMPs/IrrigationManagement.html,"<a href=""../BMPpdfs/01217_to_01298_NevadaHandbook.pdf"">"
/Users/Tim/Code/Github/BMPStaging/AgBMPs/IrrigationManagement.html,"<a href=""../BMPpdfs/01217_to_01298_NevadaHandbook.pdf"">"
/Users/Tim/Code/Github/BMPStaging/AgBMPs/IrrigationManagement.html,"<a href=""../BMPpdfs/01217_to_01298_NevadaHandbook.pdf"">"
/Users/Tim/Code/Github/BMPStaging/AgBMPs/IrrigationManagement.html,"<a href=""../BMPpdfs/01651_to_01681_GreenIndustries.pdf"">"
/Users/Tim/Code/Github/BMPStaging/AgBMPs/IrrigationManagement.html,"<a href=""../BMPpdfs/01651_to_01681_GreenIndustries.pdf"">"
/Users/Tim/Code/Github/BMPStaging/AgBMPs/IrrigationManagement.html,"<a href=""../BMPpdfs/01651_to_01681_GreenIndustries.pdf"">"
/Users/Tim/Code/Github/BMPStaging/AgBMPs/IrrigationManagement.html,"<a href=""../BMPpdfs/01651_to_01681_GreenIndustries.pdf"">"
/Users/Tim/Code/Github/BMPStaging/AgBMPs/IrrigationManagement.html,"<a href=""../BMPpdfs/00295_to_00314_water_conservation_bmp.pdf"">"
/Users/Tim/Code/Github/BMPStaging/AgBMPs/IrrigationManagement.html,"<a href=""../BMPpdfs/00329_TPWD_WCP.doc"">"
/Users/Tim/Code/Github/BMPStaging/AgBMPs/IrrigationManagement.html,"<a href=""../BMPpdfs/00295_to_00314_water_conservation_bmp.pdf"">"
/Users/Tim/Code/Github/BMPStaging/AgBMPs/IrrigationManagement.html,"<a href=""../BMPpdfs/00295_to_00314_water_conservation_bmp.pdf"">"
/Users/Tim/Code/Github/BMPStaging/AgBMPs/IrrigationManagement.html,"<a href=""../BMPpdfs/00295_to_00314_water_conservation_bmp.pdf"">"
/Users/Tim/Code/Github/BMPStaging/AgBMPs/IrrigationManagement.html,"<a href=""../BMPpdfs/00295_to_00314_water_conservation_bmp.pdf"">"
/Users/Tim/Code/Github/BMPStaging/AgBMPs/IrrigationManagement.html,"<a href=""../BMPpdfs/00295_to_00314_water_conservation_bmp.pdf"">"
/Users/Tim/Code/Github/BMPStaging/AgBMPs/IrrigationManagement.html,"<a href=""../BMPpdfs/00295_to_00314_water_conservation_bmp.pdf"">"
/Users/Tim/Code/Github/BMPStaging/AgBMPs/IrrigationManagement.html,"<a href=""../BMPpdfs/00295_to_00314_water_conservation_bmp.pdf"">"
/Users/Tim/Code/Github/BMPStaging/AgBMPs/IrrigationManagement.html,"<a href=""../BMPpdfs/00295_to_00314_water_conservation_bmp.pdf"">"
/Users/Tim/Code/Github/BMPStaging/AgBMPs/IrrigationManagement.html,"<a href=""../BMPpdfs/00295_to_00314_water_conservation_bmp.pdf"">"
/Users/Tim/Code/Github/BMPStaging/AgBMPs/IrrigationManagement.html,"<a href=""../BMPpdfs/00295_to_00314_water_conservation_bmp.pdf"">"
/Users/Tim/Code/Github/BMPStaging/AgBMPs/IrrigationManagement.html,"<a href=""../BMPpdfs/01639_to_01641_ChesapeakePesticides.pdf"">"
/Users/Tim/Code/Github/BMPStaging/AgBMPs/IrrigationManagement.html,"<a href=""../BMPpdfs/00295_to_00314_water_conservation_bmp.pdf"">"
/Users/Tim/Code/Github/BMPStaging/AgBMPs/IrrigationManagement.html,"<a href=""../BMPpdfs/00295_to_00314_water_conservation_bmp.pdf"">"
/Users/Tim/Code/Github/BMPStaging/AgBMPs/IrrigationManagement.html,"<a href=""../BMPpdfs/00295_to_00314_water_conservation_bmp.pdf"">"
/Users/Tim/Code/Github/BMPStaging/AgBMPs/IrrigationManagement.html,"<a href=""../BMPpdfs/00295_to_00314_water_conservation_bmp.pdf"">"
/Users/Tim/Code/Github/BMPStaging/AgBMPs/IrrigationManagement.html,"<a href=""../BMPpdfs/01058_to_01095_CADevelopmentHandbook.pdf"">"
/Users/Tim/Code/Github/BMPStaging/AgBMPs/IrrigationManagement.html,"<a href=""../BMPpdfs/00295_to_00314_water_conservation_bmp.pdf"">"
/Users/Tim/Code/Github/BMPStaging/AgBMPs/IrrigationManagement.html,"<a href=""../BMPpdfs/00295_to_00314_water_conservation_bmp.pdf"">"
/Users/Tim/Code/Github/BMPStaging/AgBMPs/IrrigationManagement.html,"<a href=""../BMPpdfs/01217_to_01298_NevadaHandbook.pdf"">"
/Users/Tim/Code/Github/BMPStaging/AgBMPs/IrrigationManagement.html,"<a href=""../BMPpdfs/00295_to_00314_water_conservation_bmp.pdf"">"
/Users/Tim/Code/Github/BMPStaging/AgBMPs/IrrigationManagement.html,"<a href=""../BMPpdfs/00295_to_00314_water_conservation_bmp.pdf"">"
/Users/Tim/Code/Github/BMPStaging/AgBMPs/CoverCropGreenManure.html,"<a href=""../BMPpdfs/01018_to_01054_BMPHandbook_Chesapeake.pdf"">"
/Users/Tim/Code/Github/BMPStaging/AgBMPs/CoverCropGreenManure.html,"<a href=""../BMPpdfs/01018_to_01054_BMPHandbook_Chesapeake.pdf"">"
/Users/Tim/Code/Github/BMPStaging/AgBMPs/CoverCropGreenManure.html,"<a href=""../BMPpdfs/01765_NRCSCoverCrop.pdf"">"
/Users/Tim/Code/Github/BMPStaging/AgBMPs/CoverCropGreenManure.html,"<a href=""../BMPpdfs/01625_to_01637_AgPesticideMngmt.pdf"">"
/Users/Tim/Code/Github/BMPStaging/AgBMPs/IPM.html,"<a href=""../BMPpdfs/00509_to_00547_nonstuctural_urban_bmp.pdf"">"
/Users/Tim/Code/Github/BMPStaging/AgBMPs/IPM.html,"<a href=""../BMPpdfs/01770_PestManagement.pdf"">"
/Users/Tim/Code/Github/BMPStaging/AgBMPs/IPM.html,"<a href=""../BMPpdfs/00509_to_00547_nonstuctural_urban_bmp.pdf"">"
/Users/Tim/Code/Github/BMPStaging/AgBMPs/IPM.html,"<a href=""../BMPpdfs/01754_ipm.pdf"">"
/Users/Tim/Code/Github/BMPStaging/AgBMPs/IPM.html,"<a href=""../BMPpdfs/01771_PestOregon.pdf"">"
/Users/Tim/Code/Github/BMPStaging/AgBMPs/ContourFarming.html,"<a href=""../BMPpdfs/00295_to_00314_water_conservation_bmp.pdf"">"
/Users/Tim/Code/Github/BMPStaging/AgBMPs/ContourFarming.html,"<a href=""../BMPpdfs/01740_ContourFarmingKY.pdf"">"
/Users/Tim/Code/Github/BMPStaging/AgBMPs/ContourFarming.html,"<a href=""../BMPpdfs/01741_ContourFarmingNRCS.pdf"">"
/Users/Tim/Code/Github/BMPStaging/AgBMPs/ContourFarming.html,"<a href=""../BMPpdfs/00295_to_00314_water_conservation_bmp.pdf"">"
/Users/Tim/Code/Github/BMPStaging/AgBMPs/Tilling.html,"<a href=""../BMPpdfs/00295_to_00314_water_conservation_bmp.pdf"">"
/Users/Tim/Code/Github/BMPStaging/AgBMPs/Tilling.html,"<a href=""../BMPpdfs/01018_to_01054_BMPHandbook_Chesapeake.pdf"">"
/Users/Tim/Code/Github/BMPStaging/AgBMPs/Tilling.html,"<a href=""../BMPpdfs/01625_to_01637_AgPesticideMngmt.pdf"">"
/Users/Tim/Code/Github/BMPStaging/AgBMPs/Tilling.html,"<a href=""../BMPpdfs/00887_to_00910_KSUInformationSigns.pdf"">"
/Users/Tim/Code/Github/BMPStaging/AgBMPs/Tilling.html,"<a href=""../BMPpdfs/00887_to_00910_KSUInformationSigns.pdf"">"
/Users/Tim/Code/Github/BMPStaging/AgBMPs/Tilling.html,"<a href=""../BMPpdfs/00887_to_00910_KSUInformationSigns.pdf"">"
/Users/Tim/Code/Github/BMPStaging/AgBMPs/AnimalMortality.html,"<a href=""../BMPpdfs/01731_AlabamaAnimalMortality.pdf"">"
/Users/Tim/Code/Github/BMPStaging/AgBMPs/AnimalMortality.html,"<a href=""../BMPpdfs/01735_AnimalMortality.pdf"">"
/Users/Tim/Code/Github/BMPStaging/AgBMPs/AnimalMortality.html,"<a href=""../BMPpdfs/01734_AnimalComposting.pdf"">"
/Users/Tim/Code/Github/BMPStaging/AgBMPs/CropRotation.html,"<a href=""../BMPpdfs/01760_MarylandCropRotation.pdf"">"
/Users/Tim/Code/Github/BMPStaging/AgBMPs/CropRotation.html,"<a href=""../BMPpdfs/01769_PennStatecroprotat.pdf"">"
/Users/Tim/Code/Github/BMPStaging/AgBMPs/CropRotation.html,"<a href=""../BMPpdfs/01743_croprotationsfinaljan09.pdf"">"
/Users/Tim/Code/Github/BMPStaging/AgBMPs/CropRotation.html,"<a href=""../BMPpdfs/01742_CropRotation.pdf"">"
/Users/Tim/Code/Github/BMPStaging/AgBMPs/GrazingSystems.html,"<a href=""../BMPpdfs/01736_ArizonaGrazing.pdf"">"
/Users/Tim/Code/Github/BMPStaging/AgBMPs/GrazingSystems.html,"<a href=""../BMPpdfs/01335_to_01340_OhioExt_RiparianLivestock.pdf"">"
/Users/Tim/Code/Github/BMPStaging/AgBMPs/GrazingSystems.html,"<a href=""../BMPpdfs/01775_StepsGrazing.pdf"">"
/Users/Tim/Code/Github/BMPStaging/AgBMPs/GrazingSystems.html,"<a href=""../BMPpdfs/00421_to_00428_Land_Mgt_Tips_Small_Ranches_Texas_comp.pdf"">"
/Users/Tim/Code/Github/BMPStaging/AgBMPs/GrazingSystems.html,"<a href=""../BMPpdfs/01732_AlabamaGrazing.pdf"">"
/Users/Tim/Code/Github/BMPStaging/AgBMPs/GrazingSystems.html,"<a href=""../BMPpdfs/01737_beef-grazing-systems.pdf"">"
/Users/Tim/Code/Github/BMPStaging/AgBMPs/GrazingSystems.html,"<a href=""../BMPpdfs/01753_IowaGrazing.pdf"">"
/Users/Tim/Code/Github/BMPStaging/AgBMPs/GrazingSystems.html,"<a href=""../BMPpdfs/01761_MinnesotaGrazing.pdf"">"
/Users/Tim/Code/Github/BMPStaging/AgBMPs/GrazingSystems.html,"<a href=""../BMPpdfs/01763_NMgrazing.pdf"">"
/Users/Tim/Code/Github/BMPStaging/AgBMPs/GrazingSystems.html,"<a href=""../BMPpdfs/01751_Grazing_Ag_Arizonia_edu.pdf"">"
/Users/Tim/Code/Github/BMPStaging/AgBMPs/GrazingSystems.html,"<a href=""../BMPpdfs/01758_managingsoilsforgrazing.pdf"">"
/Users/Tim/Code/Github/BMPStaging/AgBMPs/GrazingSystems.html,"<a href=""../BMPpdfs/01762_MUGrazing.pdf"">"
/Users/Tim/Code/Github/BMPStaging/AgBMPs/GrazingSystems.html,"<a href=""../BMPpdfs/01018_to_01054_BMPHandbook_Chesapeake.pdf"">"
/Users/Tim/Code/Github/BMPStaging/AgBMPs/GrazingSystems.html,"<a href=""../BMPpdfs/01750_Grazing.pdf"">"
/Users/Tim/Code/Github/BMPStaging/AgBMPs/GrazingSystems.html,"<a href=""../BMPpdfs/01217_to_01298_NevadaHandbook.pdf"">"
/Users/Tim/Code/Github/BMPStaging/AgBMPs/GrazingSystems.html,"<a href=""../BMPpdfs/00887_to_00910_KSUInformationSigns.pdf"">"
/Users/Tim/Code/Github/BMPStaging/AgBMPs/GrazingSystems.html,"<a href=""../BMPpdfs/01217_to_01298_NevadaHandbook.pdf"">"
/Users/Tim/Code/Github/BMPStaging/AgBMPs/GrazingSystems.html,"<a href=""../BMPpdfs/00887_to_00910_KSUInformationSigns.pdf"">"
/Users/Tim/Code/Github/BMPStaging/AgBMPs/GrazingSystems.html,"<a href=""../BMPpdfs/01772_rotgraze.pdf"">"
/Users/Tim/Code/Github/BMPStaging/AgBMPs/StripCropping.html,"<a href=""../BMPpdfs/01756_KYalley.pdf"">"
/Users/Tim/Code/Github/BMPStaging/AgBMPs/StripCropping.html,"<a href=""../BMPpdfs/00589_to_00666_conservation_buffers.pdf"">"
/Users/Tim/Code/Github/BMPStaging/AgBMPs/StripCropping.html,"<a href=""../BMPpdfs/01729_USDAAlley.pdf"">"
/Users/Tim/Code/Github/BMPStaging/AgBMPs/StripCropping.html,"<a href=""../BMPpdfs/01738_CenterForAgroForestry.pdf"">"
/Users/Tim/Code/Github/BMPStaging/AgBMPs/StripCropping.html,"<a href=""../BMPpdfs/01764_NRCSalleyjob.pdf"">"
/Users/Tim/Code/Github/BMPStaging/AgBMPs/StripCropping.html,"<a href=""../BMPpdfs/01748_FloridaAlley.pdf"">"
/Users/Tim/Code/Github/BMPStaging/AgBMPs/StripCropping.html,"<a href=""../BMPpdfs/01776_StripCropNRCS.pdf"">"
/Users/Tim/Code/Github/BMPStaging/AgBMPs/StripCropping.html,"<a href=""../BMPpdfs/01777_StripCropping_extension_iastate_edu.pdf"">"
/Users/Tim/Code/Github/BMPStaging/AgBMPs/StripCropping.html,"<a href=""../BMPpdfs/01783_VT_strip_cropping.pdf"">"
/Users/Tim/Code/Github/BMPStaging/AgBMPs/Composting.html,"<a href=""../BMPpdfs/01730_AgComposting.pdf"">"
/Users/Tim/Code/Github/BMPStaging/AgBMPs/Composting.html,"<a href=""../BMPpdfs/01745_FarmComposting.pdf"">"
/Users/Tim/Code/Github/BMPStaging/AgBMPs/Composting.html,"<a href=""../BMPpdfs/01739_compostNercOrg.pdf"">"
/Users/Tim/Code/Github/BMPStaging/AgBMPs/Composting.html,"<a href=""../BMPpdfs/00140_to_00294_TCEQ BMPFinder.pdf"">"
/Users/Tim/Code/Github/BMPStaging/AgBMPs/Composting.html,"<a href=""../BMPpdfs/01734_AnimalComposting.pdf"">"
/Users/Tim/Code/Github/BMPStaging/AgBMPs/Composting.html,"<a href=""../BMPpdfs/01651_to_01681_GreenIndustries.pdf"">"
/Users/Tim/Code/Github/BMPStaging/AgBMPs/Composting.html,"<a href=""../BMPpdfs/01744_FarmCompost.pdf"">"
/Users/Tim/Code/Github/BMPStaging/AgBMPs/Composting.html,"<a href=""../BMPpdfs/01767_on_farm_comp_methods.pdf"">"
/Users/Tim/Code/Github/BMPStaging/AgBMPs/Composting.html,"<a href=""../BMPpdfs/00381_to_00419_AgriLife_stormwater.pdf"">"
/Users/Tim/Code/Github/BMPStaging/AgBMPs/Composting.html,"<a href=""../BMPpdfs/01749_FoodWasteCompost.pdf"">"
/Users/Tim/Code/Github/BMPStaging/AgBMPs/SoilWaterTesting.html,"<a href=""../BMPpdfs/01773_soilresults.pdf"">"
/Users/Tim/Code/Github/BMPStaging/AgBMPs/SoilWaterTesting.html,"<a href=""../BMPpdfs/01780_testing.pdf"">"
/Users/Tim/Code/Github/BMPStaging/AgBMPs/SoilWaterTesting.html,"<a href=""../BMPpdfs/01774_soiltest.pdf"">"
/Users/Tim/Code/Github/BMPStaging/AgBMPs/SoilWaterTesting.html,"<a href=""../BMPpdfs/01781_TestsForWell.pdf"">"
/Users/Tim/Code/Github/BMPStaging/AgBMPs/Terraces.html,"<a href=""../BMPpdfs/00887_to_00910_KSUInformationSigns.pdf"">"
/Users/Tim/Code/Github/BMPStaging/AgBMPs/Terraces.html,"<a href=""../BMPpdfs/00887_to_00910_KSUInformationSigns.pdf"">"
/Users/Tim/Code/Github/BMPStaging/AgBMPs/Terraces.html,"<a href=""../BMPpdfs/00887_to_00910_KSUInformationSigns.pdf"">"
/Users/Tim/Code/Github/BMPStaging/AgBMPs/Terraces.html,"<a href=""../BMPpdfs/00043_terracing.pdf"">"
/Users/Tim/Code/Github/BMPStaging/AgBMPs/ManureManagement.html,"<a href=""../BMPpdfs/01018_to_01054_BMPHandbook_Chesapeake.pdf"">"
/Users/Tim/Code/Github/BMPStaging/AgBMPs/ManureManagement.html,"<a href=""../BMPpdfs/00381_to_00419_AgriLife_stormwater.pdf"">"
/Users/Tim/Code/Github/BMPStaging/AgBMPs/ManureManagement.html,"<a href=""../BMPpdfs/00009_animalwaste.pdf"">"
/Users/Tim/Code/Github/BMPStaging/AgBMPs/ManureManagement.html,"<a href=""../BMPpdfs/00509_to_00547_nonstuctural_urban_bmp.pdf"">"
/Users/Tim/Code/Github/BMPStaging/AgBMPs/ManureManagement.html,"<a href=""../BMPpdfs/01018_to_01054_BMPHandbook_Chesapeake.pdf"">"
/Users/Tim/Code/Github/BMPStaging/AgBMPs/ManureManagement.html,"<a href=""../BMPpdfs/01018_to_01054_BMPHandbook_Chesapeake.pdf"">"
/Users/Tim/Code/Github/BMPStaging/AgBMPs/ManureManagement.html,"<a href=""../BMPpdfs/01119_ to 01123_HorsePastures.pdf"">"
/Users/Tim/Code/Github/BMPStaging/AgBMPs/ManureManagement.html,"<a href=""../BMPpdfs/01759_manure_management_handbook.pdf"">"
/Users/Tim/Code/Github/BMPStaging/AgBMPs/WellPlugging.html,"<a href=""../BMPpdfs/01217_to_01298_NevadaHandbook.pdf"">"
/Users/Tim/Code/Github/BMPStaging/AgBMPs/WaterSedimentBasin.html,"<a href=""../BMPpdfs/00079_sed_basinwq.pdf"">"
/Users/Tim/Code/Github/BMPStaging/AgBMPs/WaterSedimentBasin.html,"<a href=""../BMPpdfs/00140_to_00294_TCEQ BMPFinder.pdf"">"
/Users/Tim/Code/Github/BMPStaging/AgBMPs/WaterSedimentBasin.html,"<a href=""../BMPpdfs/00381_to_00419_AgriLife_stormwater.pdf"">"
/Users/Tim/Code/Github/BMPStaging/AgBMPs/WaterSedimentBasin.html,"<a href=""../BMPpdfs/00867_to_00886construction.pdf"">"
/Users/Tim/Code/Github/BMPStaging/AgBMPs/WaterSedimentBasin.html,"<a href=""../BMPpdfs/01217_to_01298_NevadaHandbook.pdf"">"
/Users/Tim/Code/Github/BMPStaging/RiparianBMPs/StreamCrossings.html,"<a href=""../BMPpdfs/01723_CrossingRemovals.pdf"">"
/Users/Tim/Code/Github/BMPStaging/RiparianBMPs/StreamCrossings.html,"<a href=""../BMPpdfs/01725_OklahomaForestryStreamCrossings.pdf"">"
/Users/Tim/Code/Github/BMPStaging/RiparianBMPs/StreamCrossings.html,"<a href=""../BMPpdfs/01727_UMass_Edu_StreamCrossing.pdf"">"
/Users/Tim/Code/Github/BMPStaging/RiparianBMPs/StreamCrossings.html,"<a href=""../BMPpdfs/01724_NRCSStreamCrossings.pdf"">"
/Users/Tim/Code/Github/BMPStaging/RiparianBMPs/StreamCrossings.html,"<a href=""../BMPpdfs/01726_TexasForestryStreamCrossings.pdf"">"
/Users/Tim/Code/Github/BMPStaging/RiparianBMPs/StreamCrossings.html,"<a href=""../BMPpdfs/01728_NYcrossings.pdf"">"
/Users/Tim/Code/Github/BMPStaging/RiparianBMPs/StreamCrossings.html,"<a href=""../BMPpdfs/01727_UMass_Edu_StreamCrossing.pdf"">"
/Users/Tim/Code/Github/BMPStaging/RiparianBMPs/StreamCrossings.html,"<a href=""../BMPpdfs/01728_NYcrossings.pdf"">"
/Users/Tim/Code/Github/BMPStaging/RiparianBMPs/StreamCrossings.html,"<a href=""../BMPpdfs/01724_NRCSStreamCrossings.pdf"">"
/Users/Tim/Code/Github/BMPStaging/RiparianBMPs/ConservationEasement.html,"<a href=""../BMPpdfs/00369_conservation_easement_handbook_2010.pdf"">"
/Users/Tim/Code/Github/BMPStaging/RiparianBMPs/ConservationEasement.html,"<a href=""../BMPpdfs/00710_LandPreservation.pdf"">"
/Users/Tim/Code/Github/BMPStaging/RiparianBMPs/ConservationEasement.html,"<a href=""../BMPpdfs/00711_TPWDconservationeasements.pdf"">"
/Users/Tim/Code/Github/BMPStaging/RiparianBMPs/ConservationEasement.html,"<a href=""../BMPpdfs/00711_TPWDconservationeasements.pdf"">"
/Users/Tim/Code/Github/BMPStaging/RiparianBMPs/ConservationEasement.html,"<a href=""../BMPpdfs/00369_conservation_easement_handbook_2010.pdf"">"
/Users/Tim/Code/Github/BMPStaging/RiparianBMPs/ConservationEasement.html,"<a href=""../BMPpdfs/00710_LandPreservation.pdf"">"
/Users/Tim/Code/Github/BMPStaging/RiparianBMPs/FencingRiparianAreas.html,"<a href=""../BMPpdfs/00564_to 00588_Alaska.pdf"">"
/Users/Tim/Code/Github/BMPStaging/RiparianBMPs/FencingRiparianAreas.html,"<a href=""../BMPpdfs/00760_to_00806_AustralianStreamRehabilitationManualvol2.pdf"">"
/Users/Tim/Code/Github/BMPStaging/RiparianBMPs/LIP.html,"<a href=""../BMPpdfs/00432_TPWDLIP.pdf"">"
/Users/Tim/Code/Github/BMPStaging/RiparianBMPs/ConservationDevelopment.html,"<a href=""../BMPpdfs/00509_to_00547_nonstuctural_urban_bmp.pdf"">"
/Users/Tim/Code/Github/BMPStaging/RiparianBMPs/ConservationDevelopment.html,"<a href=""../BMPpdfs/01691_Conservation_Design_Resource_Manual.pdf"">"
/Users/Tim/Code/Github/BMPStaging/RiparianBMPs/ConservationDevelopment.html,"<a href=""../BMPpdfs/01702_Travis_County_Conservation_Design_Manual.pdf"">"
/Users/Tim/Code/Github/BMPStaging/RiparianBMPs/ConservationDevelopment.html,"<a href=""../BMPpdfs/01696_Dripping_Springs_Conservation_Design_Ordinance.pdf"">"
/Users/Tim/Code/Github/BMPStaging/RiparianBMPs/ConservationDevelopment.html,"<a href=""../BMPpdfs/01692_Conservation_Dev_in_Practice.pdf"">"
/Users/Tim/Code/Github/BMPStaging/RiparianBMPs/ConservationDevelopment.html,"<a href=""../BMPpdfs/01698_LBJWC_Conservation_Development_in_Texas.pdf"">"
/Users/Tim/Code/Github/BMPStaging/RiparianBMPs/ConservationDevelopment.html,"<a href=""../BMPpdfs/01699_LBJWC_Conservation_Development_White_Paper.pdf"">"
/Users/Tim/Code/Github/BMPStaging/RiparianBMPs/ConservationDevelopment.html,"<a href=""../BMPpdfs/01695_CSDOverview.pdf"">"
/Users/Tim/Code/Github/BMPStaging/RiparianBMPs/ConservationDevelopment.html,"<a href=""../BMPpdfs/01700_LondonBoroughOfRichmondUponThames.pdf"">"
/Users/Tim/Code/Github/BMPStaging/RiparianBMPs/ConservationDevelopment.html,"<a href=""../BMPpdfs/01694_CSDEnhancingValue.pdf"">"
/Users/Tim/Code/Github/BMPStaging/RiparianBMPs/ConservationDevelopment.html,"<a href=""../BMPpdfs/01701_SubdivisionDesignCritique.pdf"">"
/Users/Tim/Code/Github/BMPStaging/RiparianBMPs/ConservationDevelopment.html,"<a href=""../BMPpdfs/00509_to_00547_nonstuctural_urban_bmp.pdf"">"
/Users/Tim/Code/Github/BMPStaging/RiparianBMPs/ConservationDevelopment.html,"<a href=""../BMPpdfs/00509_to_00547_nonstuctural_urban_bmp.pdf"">"
/Users/Tim/Code/Github/BMPStaging/RiparianBMPs/ConservationDevelopment.html,"<a href=""../BMPpdfs/00807_to_00821_Stream_guide.pdf"">"
/Users/Tim/Code/Github/BMPStaging/RiparianBMPs/ConservationDevelopment.html,"<a href=""../BMPpdfs/00509_to_00547_nonstuctural_urban_bmp.pdf"">"
/Users/Tim/Code/Github/BMPStaging/RiparianBMPs/ConservationDevelopment.html,"<a href=""../BMPpdfs/01693_CSDBenefits.pdf"">"
/Users/Tim/Code/Github/BMPStaging/RiparianBMPs/ConservationDevelopment.html,"<a href=""../BMPpdfs/00509_to_00547_nonstuctural_urban_bmp.pdf"">"
/Users/Tim/Code/Github/BMPStaging/RiparianBMPs/ConservationDevelopment.html,"<a href=""../BMPpdfs/01697_EconomicsofCSD.pdf"">"
/Users/Tim/Code/Github/BMPStaging/RiparianBMPs/ConservationDevelopment.html,"<a href=""../BMPpdfs/00509_to_00547_nonstuctural_urban_bmp.pdf"">"
/Users/Tim/Code/Github/BMPStaging/RiparianBMPs/ConservationDevelopment.html,"<a href=""../BMPpdfs/00807_to_00821_Stream_guide.pdf"">"
/Users/Tim/Code/Github/BMPStaging/RiparianBMPs/ConservationDevelopment.html,"<a href=""../BMPpdfs/00807_to_00821_Stream_guide.pdf"">"
/Users/Tim/Code/Github/BMPStaging/RiparianBMPs/ConservationDevelopment.html,"<a href=""../BMPpdfs/01692_Conservation_Dev_in_Practice.pdf"">"
/Users/Tim/Code/Github/BMPStaging/RiparianBMPs/ConservationDevelopment.html,"<a href=""../BMPpdfs/01698_LBJWC_Conservation_Development_in_Texas.pdf"">"
/Users/Tim/Code/Github/BMPStaging/RiparianBMPs/ApplicationChemicals.html,"<a href=""../BMPpdfs/00381_to_00419_AgriLife_stormwater.pdf"">"
/Users/Tim/Code/Github/BMPStaging/RiparianBMPs/ApplicationChemicals.html,"<a href=""../BMPpdfs/01642_to_01648_ColoradoStatePesticide.pdf"">"
/Users/Tim/Code/Github/BMPStaging/RiparianBMPs/ApplicationChemicals.html,"<a href=""../BMPpdfs/01650_FloridaAgrichemical.pdf"">"
/Users/Tim/Code/Github/BMPStaging/RiparianBMPs/ApplicationChemicals.html,"<a href=""../BMPpdfs/01649_ColoradoStatePractices.pdf"">"
/Users/Tim/Code/Github/BMPStaging/RiparianBMPs/ApplicationChemicals.html,"<a href=""../BMPpdfs/01642_to_01648_ColoradoStatePesticide.pdf"">"
/Users/Tim/Code/Github/BMPStaging/RiparianBMPs/ApplicationChemicals.html,"<a href=""../BMPpdfs/01642_to_01648_ColoradoStatePesticide.pdf"">"
/Users/Tim/Code/Github/BMPStaging/RiparianBMPs/ApplicationChemicals.html,"<a href=""../BMPpdfs/01200_to_01208_MissouriForest.pdf"">"
/Users/Tim/Code/Github/BMPStaging/RiparianBMPs/ApplicationChemicals.html,"<a href=""../BMPpdfs/01217_to_01298_NevadaHandbook.pdf"">"
/Users/Tim/Code/Github/BMPStaging/RiparianBMPs/ApplicationChemicals.html,"<a href=""../BMPpdfs/01638_BoulderColoradoChemical.pdf"">"
/Users/Tim/Code/Github/BMPStaging/RiparianBMPs/ApplicationChemicals.html,"<a href=""../BMPpdfs/01682_IdahoPesticide.pdf"">"
/Users/Tim/Code/Github/BMPStaging/RiparianBMPs/ApplicationChemicals.html,"<a href=""../BMPpdfs/01625_to_01637_AgPesticideMngmt.pdf"">"
/Users/Tim/Code/Github/BMPStaging/RiparianBMPs/ApplicationChemicals.html,"<a href=""../BMPpdfs/01625_to_01637_AgPesticideMngmt.pdf"">"
/Users/Tim/Code/Github/BMPStaging/RiparianBMPs/ApplicationChemicals.html,"<a href=""../BMPpdfs/01651_to_01681_GreenIndustries.pdf"">"
/Users/Tim/Code/Github/BMPStaging/RiparianBMPs/ApplicationChemicals.html,"<a href=""../BMPpdfs/01689_UMassExtensionPesticides.pdf"">"
/Users/Tim/Code/Github/BMPStaging/RiparianBMPs/ApplicationChemicals.html,"<a href=""../BMPpdfs/01642_to_01648_ColoradoStatePesticide.pdf"">"
/Users/Tim/Code/Github/BMPStaging/RiparianBMPs/ApplicationChemicals.html,"<a href=""../BMPpdfs/01683_MarylandPestice.pdf"">"
/Users/Tim/Code/Github/BMPStaging/RiparianBMPs/ApplicationChemicals.html,"<a href=""../BMPpdfs/01625_to_01637_AgPesticideMngmt.pdf"">"
/Users/Tim/Code/Github/BMPStaging/RiparianBMPs/ApplicationChemicals.html,"<a href=""../BMPpdfs/01436_to_01489_Vancouver.pdf"">"
/Users/Tim/Code/Github/BMPStaging/RiparianBMPs/ApplicationChemicals.html,"<a href=""../BMPpdfs/01639_to_01641_ChesapeakePesticides.pdf"">"
/Users/Tim/Code/Github/BMPStaging/RiparianBMPs/ApplicationChemicals.html,"<a href=""../BMPpdfs/01651_to_01681_GreenIndustries.pdf"">"
/Users/Tim/Code/Github/BMPStaging/RiparianBMPs/ApplicationChemicals.html,"<a href=""../BMPpdfs/01639_to_01641_ChesapeakePesticides.pdf"">"
/Users/Tim/Code/Github/BMPStaging/RiparianBMPs/ApplicationChemicals.html,"<a href=""../BMPpdfs/01642_to_01648_ColoradoStatePesticide.pdf"">"
/Users/Tim/Code/Github/BMPStaging/RiparianBMPs/ApplicationChemicals.html,"<a href=""../BMPpdfs/01642_to_01648_ColoradoStatePesticide.pdf"">"
/Users/Tim/Code/Github/BMPStaging/RiparianBMPs/ApplicationChemicals.html,"<a href=""../BMPpdfs/01687_ScotlandPesticide.pdf"">"
/Users/Tim/Code/Github/BMPStaging/RiparianBMPs/ApplicationChemicals.html,"<a href=""../BMPpdfs/01688_ScotlandPollution.pdf"">"
/Users/Tim/Code/Github/BMPStaging/RiparianBMPs/ApplicationChemicals.html,"<a href=""../BMPpdfs/00381_to_00419_AgriLife_stormwater.pdf"">"
/Users/Tim/Code/Github/BMPStaging/RiparianBMPs/ApplicationChemicals.html,"<a href=""../BMPpdfs/00381_to_00419_AgriLife_stormwater.pdf"">"
/Users/Tim/Code/Github/BMPStaging/RiparianBMPs/ApplicationChemicals.html,"<a href=""../BMPpdfs/01690_USFWS_IPM.doc"">"
/Users/Tim/Code/Github/BMPStaging/RiparianBMPs/ApplicationChemicals.html,"<a href=""../BMPpdfs/01217_to_01298_NevadaHandbook.pdf"">"
/Users/Tim/Code/Github/BMPStaging/RiparianBMPs/ApplicationChemicals.html,"<a href=""../BMPpdfs/01639_to_01641_ChesapeakePesticides.pdf"">"
/Users/Tim/Code/Github/BMPStaging/RiparianBMPs/ApplicationChemicals.html,"<a href=""../BMPpdfs/01436_to_01489_Vancouver.pdf"">"
/Users/Tim/Code/Github/BMPStaging/RiparianBMPs/BrushVegetationMats.html,"<a href=""../BMPpdfs/00140_to_00294_TCEQ BMPFinder.pdf"">"
/Users/Tim/Code/Github/BMPStaging/RiparianBMPs/BrushVegetationMats.html,"<a href=""../BMPpdfs/00564_to 00588_Alaska.pdf"">"
/Users/Tim/Code/Github/BMPStaging/RiparianBMPs/BrushVegetationMats.html,"<a href=""../BMPpdfs/00725_to_00756_Urban_Stream_Repair_Practices.pdf"">"
/Users/Tim/Code/Github/BMPStaging/RiparianBMPs/BrushVegetationMats.html,"<a href=""../BMPpdfs/00725_to_00756_Urban_Stream_Repair_Practices.pdf"">"
/Users/Tim/Code/Github/BMPStaging/RiparianBMPs/BrushVegetationMats.html,"<a href=""../BMPpdfs/00475_brushmattresses.pdf"">"
/Users/Tim/Code/Github/BMPStaging/RiparianBMPs/BrushVegetationMats.html,"<a href=""../BMPpdfs/00110_brushmattress.pdf"">"
/Users/Tim/Code/Github/BMPStaging/RiparianBMPs/BrushVegetationMats.html,"<a href=""../BMPpdfs/00822_Brush Mattress.pdf"">"
/Users/Tim/Code/Github/BMPStaging/RiparianBMPs/BrushVegetationMats.html,"<a href=""../BMPpdfs/00564_to 00588_Alaska.pdf"">"
/Users/Tim/Code/Github/BMPStaging/RiparianBMPs/BrushVegetationMats.html,"<a href=""../BMPpdfs/00564_to 00588_Alaska.pdf"">"
/Users/Tim/Code/Github/BMPStaging/RiparianBMPs/WatershedConservation.html,"<a href=""../BMPpdfs/00429_TCEQTMDL.pdf"">"
/Users/Tim/Code/Github/BMPStaging/RiparianBMPs/WatershedConservation.html,"<a href=""../BMPpdfs/00318_EPA_WPP.pdf"">"
/Users/Tim/Code/Github/BMPStaging/RiparianBMPs/WatershedConservation.html,"<a href=""../BMPpdfs/00329_TPWD_WCP.doc"">"
/Users/Tim/Code/Github/BMPStaging/RiparianBMPs/LiveSlopeGrating.html,"<a href=""../BMPpdfs/00118_liveslopegrating.pdf"">"
/Users/Tim/Code/Github/BMPStaging/RiparianBMPs/LiveSlopeGrating.html,"<a href=""../BMPpdfs/00118_liveslopegrating.pdf"">"
/Users/Tim/Code/Github/BMPStaging/RiparianBMPs/ErosionBlanket.html,"<a href=""../BMPpdfs/00030_erosionblanket.pdf"">"
/Users/Tim/Code/Github/BMPStaging/RiparianBMPs/ErosionBlanket.html,"<a href=""../BMPpdfs/00140_to_00294_TCEQ BMPFinder.pdf"">"
/Users/Tim/Code/Github/BMPStaging/RiparianBMPs/ErosionBlanket.html,"<a href=""../BMPpdfs/00509_to_00547_nonstuctural_urban_bmp.pdf"">"
/Users/Tim/Code/Github/BMPStaging/RiparianBMPs/ErosionBlanket.html,"<a href=""../BMPpdfs/00140_to_00294_TCEQ BMPFinder.pdf"">"
/Users/Tim/Code/Github/BMPStaging/RiparianBMPs/ErosionBlanket.html,"<a href=""../BMPpdfs/00381_to_00419_AgriLife_stormwater.pdf"">"
/Users/Tim/Code/Github/BMPStaging/RiparianBMPs/ErosionBlanket.html,"<a href=""../BMPpdfs/00866_forTXDOT.pdf"">"
/Users/Tim/Code/Github/BMPStaging/RiparianBMPs/ErosionBlanket.html,"<a href=""../BMPpdfs/00940_to_00942_VirginiaForestryA3.pdf"">"
/Users/Tim/Code/Github/BMPStaging/RiparianBMPs/ErosionBlanket.html,"<a href=""../BMPpdfs/00037_mulching.pdf"">"
/Users/Tim/Code/Github/BMPStaging/RiparianBMPs/ErosionBlanket.html,"<a href=""../BMPpdfs/00940_to_00942_VirginiaForestryA3.pdf"">"
/Users/Tim/Code/Github/BMPStaging/RiparianBMPs/ErosionBlanket.html,"<a href=""../BMPpdfs/00037_mulching.pdf"">"
/Users/Tim/Code/Github/BMPStaging/RiparianBMPs/ErosionBlanket.html,"<a href=""../BMPpdfs/00030_erosionblanket.pdf"">"
/Users/Tim/Code/Github/BMPStaging/RiparianBMPs/ConservationEducation.html,"<a href=""../BMPpdfs/00497_to_00506_Best_Practices_Workbook_FINAL_2010.pdf"">"
/Users/Tim/Code/Github/BMPStaging/RiparianBMPs/ConservationEducation.html,"<a href=""../BMPpdfs/00017_edprograms.pdf"">"
/Users/Tim/Code/Github/BMPStaging/RiparianBMPs/ConservationEducation.html,"<a href=""../BMPpdfs/00330_to_00366_WCITFBMPGuide.pdf"">"
/Users/Tim/Code/Github/BMPStaging/RiparianBMPs/ConservationEducation.html,"<a href=""../BMPpdfs/00319_to_00328_Stewardship_Education.pdf"">"
/Users/Tim/Code/Github/BMPStaging/RiparianBMPs/ConservationEducation.html,"<a href=""../BMPpdfs/00497_to_00506_Best_Practices_Workbook_FINAL_2010.pdf"">"
/Users/Tim/Code/Github/BMPStaging/RiparianBMPs/CuttingsTransplants.html,"<a href=""../BMPpdfs/00867_to_00886construction.pdf"">"
/Users/Tim/Code/Github/BMPStaging/RiparianBMPs/CuttingsTransplants.html,"<a href=""../BMPpdfs/00564_to 00588_Alaska.pdf"">"
/Users/Tim/Code/Github/BMPStaging/RiparianBMPs/CuttingsTransplants.html,"<a href=""../BMPpdfs/00760_to_00806_AustralianStreamRehabilitationManualvol2.pdf"">"
/Users/Tim/Code/Github/BMPStaging/RiparianBMPs/CuttingsTransplants.html,"<a href=""../BMPpdfs/00867_to_00886construction.pdf"">"
/Users/Tim/Code/Github/BMPStaging/RiparianBMPs/CuttingsTransplants.html,"<a href=""../BMPpdfs/00564_to 00588_Alaska.pdf"">"
/Users/Tim/Code/Github/BMPStaging/RiparianBMPs/CuttingsTransplants.html,"<a href=""../BMPpdfs/00007_tempseeding.pdf"">"
/Users/Tim/Code/Github/BMPStaging/RiparianBMPs/CuttingsTransplants.html,"<a href=""../BMPpdfs/00381_to_00419_AgriLife_stormwater.pdf"">"
/Users/Tim/Code/Github/BMPStaging/RiparianBMPs/CuttingsTransplants.html,"<a href=""../BMPpdfs/00564_to 00588_Alaska.pdf"">"
/Users/Tim/Code/Github/BMPStaging/RiparianBMPs/CuttingsTransplants.html,"<a href=""../BMPpdfs/00823_to_00847_StreambankStabilizationManagementMeasures.pdf"">"
/Users/Tim/Code/Github/BMPStaging/RiparianBMPs/CuttingsTransplants.html,"<a href=""../BMPpdfs/00564_to 00588_Alaska.pdf"">"
/Users/Tim/Code/Github/BMPStaging/RiparianBMPs/CuttingsTransplants.html,"<a href=""../BMPpdfs/00564_to 00588_Alaska.pdf"">"
/Users/Tim/Code/Github/BMPStaging/RiparianBMPs/AlternateWaterFood.html,"<a href=""../BMPpdfs/01351_Ontario_AlternateWater.pdf"">"
/Users/Tim/Code/Github/BMPStaging/RiparianBMPs/AlternateWaterFood.html,"<a href=""../BMPpdfs/01017_Arkansas_Ag.pdf"">"
/Users/Tim/Code/Github/BMPStaging/RiparianBMPs/AlternateWaterFood.html,"<a href=""../BMPpdfs/01604_NorthCarolinaWatering.pdf"">"
/Users/Tim/Code/Github/BMPStaging/RiparianBMPs/AlternateWaterFood.html,"<a href=""../BMPpdfs/01601_Livestockwatering.pdf"">"
/Users/Tim/Code/Github/BMPStaging/RiparianBMPs/AlternateWaterFood.html,"<a href=""../BMPpdfs/00760_to_00806_AustralianStreamRehabilitationManualvol2.pdf"">"
/Users/Tim/Code/Github/BMPStaging/RiparianBMPs/AlternateWaterFood.html,"<a href=""../BMPpdfs/01018_to_01054_BMPHandbook_Chesapeake.pdf"">"
/Users/Tim/Code/Github/BMPStaging/RiparianBMPs/AlternateWaterFood.html,"<a href=""../BMPpdfs/01018_to_01054_BMPHandbook_Chesapeake.pdf"">"
/Users/Tim/Code/Github/BMPStaging/RiparianBMPs/AlternateWaterFood.html,"<a href=""../BMPpdfs/01603_BCwatering.pdf"">"
/Users/Tim/Code/Github/BMPStaging/RiparianBMPs/AlternateWaterFood.html,"<a href=""../BMPpdfs/01602_CanadaWatering.pdf"">"
/Users/Tim/Code/Github/BMPStaging/RiparianBMPs/AlternateWaterFood.html,"<a href=""../BMPpdfs/01605_solarpoweredWatering.pdf"">"
/Users/Tim/Code/Github/BMPStaging/RiparianBMPs/AlternateWaterFood.html,"<a href=""../BMPpdfs/01606_UTESolarStockWatering.pdf"">"
/Users/Tim/Code/Github/BMPStaging/RiparianBMPs/AlternateWaterFood.html,"<a href=""../BMPpdfs/01351_Ontario_AlternateWater.pdf"">"
/Users/Tim/Code/Github/BMPStaging/RiparianBMPs/BranchPacking.html,"<a href=""../BMPpdfs/00108_branchpack.pdf"">"
/Users/Tim/Code/Github/BMPStaging/RiparianBMPs/BranchPacking.html,"<a href=""../BMPpdfs/00140_to_00294_TCEQ BMPFinder.pdf"">"
/Users/Tim/Code/Github/BMPStaging/RiparianBMPs/BranchPacking.html,"<a href=""../BMPpdfs/00108_branchpack.pdf"">"
/Users/Tim/Code/Github/BMPStaging/RiparianBMPs/Communication.html,"<a href=""../BMPpdfs/00564_to 00588_Alaska.pdf"">"
/Users/Tim/Code/Github/BMPStaging/RiparianBMPs/VegetatedCribbing.html,"<a href=""../BMPpdfs/00116_livecribwall.pdf"">"
/Users/Tim/Code/Github/BMPStaging/RiparianBMPs/VegetatedCribbing.html,"<a href=""../BMPpdfs/00140_to_00294_TCEQ BMPFinder.pdf"">"
/Users/Tim/Code/Github/BMPStaging/RiparianBMPs/VegetatedCribbing.html,"<a href=""../BMPpdfs/00725_to_00756_Urban_Stream_Repair_Practices.pdf"">"
/Users/Tim/Code/Github/BMPStaging/RiparianBMPs/VegetatedCribbing.html,"<a href=""../BMPpdfs/01331_OhioCribwall.pdf"">"
/Users/Tim/Code/Github/BMPStaging/RiparianBMPs/VegetatedCribbing.html,"<a href=""../BMPpdfs/01610_to_01613_WC_Streambank_Stabilization.pdf"">"
/Users/Tim/Code/Github/BMPStaging/RiparianBMPs/VegetatedCribbing.html,"<a href=""../BMPpdfs/00807_to_00821_Stream_guide.pdf"">"
/Users/Tim/Code/Github/BMPStaging/RiparianBMPs/VegetatedCribbing.html,"<a href=""../BMPpdfs/00564_to 00588_Alaska.pdf"">"
/Users/Tim/Code/Github/BMPStaging/RiparianBMPs/VegetatedCribbing.html,"<a href=""../BMPpdfs/01614_to01624_StreamStabilization.pdf"">"
/Users/Tim/Code/Github/BMPStaging/RiparianBMPs/VegetatedCribbing.html,"<a href=""../BMPpdfs/01703_to_01722_ShorelineStabilization.pdf"">"
/Users/Tim/Code/Github/BMPStaging/RiparianBMPs/VegetatedCribbing.html,"<a href=""../BMPpdfs/00116_livecribwall.pdf"">"
/Users/Tim/Code/Github/BMPStaging/RiparianBMPs/VegetatedCribbing.html,"<a href=""../BMPpdfs/01614_to01624_StreamStabilization.pdf"">"
/Users/Tim/Code/Github/BMPStaging/RiparianBMPs/NativeSpecies.html,"<a href=""../BMPpdfs/00887_to_00910_KSUInformationSigns.pdf"">"
/Users/Tim/Code/Github/BMPStaging/RiparianBMPs/NativeSpecies.html,"<a href=""../BMPpdfs/00887_to_00910_KSUInformationSigns.pdf"">"
/Users/Tim/Code/Github/BMPStaging/RiparianBMPs/NativeSpecies.html,"<a href=""../BMPpdfs/00720_AustinGrasses.pdf"">"
/Users/Tim/Code/Github/BMPStaging/RiparianBMPs/NativeSpecies.html,"<a href=""../BMPpdfs/00887_to_00910_KSUInformationSigns.pdf"">"
/Users/Tim/Code/Github/BMPStaging/RiparianBMPs/NativeSpecies.html,"<a href=""../BMPpdfs/00038_natrevege_grasses.pdf"">"
/Users/Tim/Code/Github/BMPStaging/RiparianBMPs/NativeSpecies.html,"<a href=""../BMPpdfs/00039_natrevege_trees.pdf"">"
/Users/Tim/Code/Github/BMPStaging/RiparianBMPs/NativeSpecies.html,"<a href=""../BMPpdfs/00911_westernRiparianplant.pdf"">"
/Users/Tim/Code/Github/BMPStaging/RiparianBMPs/NativeSpecies.html,"<a href=""../BMPpdfs/00924_StreamBufferOrdinance.pdf"">"
/Users/Tim/Code/Github/BMPStaging/RiparianBMPs/NativeSpecies.html,"<a href=""../BMPpdfs/00489_riparianrestorationrecommendations.pdf"">"
/Users/Tim/Code/Github/BMPStaging/RiparianBMPs/NativeSpecies.html,"<a href=""../BMPpdfs/00508_riparianrestorationrecommendations.pdf"">"
/Users/Tim/Code/Github/BMPStaging/RiparianBMPs/Barriers.html,"<a href=""../BMPpdfs/00001_brushbarrier.pdf"">"
/Users/Tim/Code/Github/BMPStaging/RiparianBMPs/Barriers.html,"<a href=""../BMPpdfs/00943_to_00946_VirginiaForestryA4.pdf"">"
/Users/Tim/Code/Github/BMPStaging/RiparianBMPs/Barriers.html,"<a href=""../BMPpdfs/00867_to_00886construction.pdf"">"
/Users/Tim/Code/Github/BMPStaging/RiparianBMPs/Barriers.html,"<a href=""../BMPpdfs/00140_to_00294_TCEQ BMPFinder.pdf"">"
/Users/Tim/Code/Github/BMPStaging/RiparianBMPs/Barriers.html,"<a href=""../BMPpdfs/00823_to_00847_StreambankStabilizationManagementMeasures.pdf"">"
/Users/Tim/Code/Github/BMPStaging/RiparianBMPs/Barriers.html,"<a href=""../BMPpdfs/00867_to_00886construction.pdf"">"
/Users/Tim/Code/Github/BMPStaging/RiparianBMPs/Barriers.html,"<a href=""../BMPpdfs/00943_to_00946_VirginiaForestryA4.pdf"">"
/Users/Tim/Code/Github/BMPStaging/RiparianBMPs/Barriers.html,"<a href=""../BMPpdfs/00004_siltfence.pdf"">"
/Users/Tim/Code/Github/BMPStaging/RiparianBMPs/Barriers.html,"<a href=""../BMPpdfs/00381_to_00419_AgriLife_stormwater.pdf"">"
/Users/Tim/Code/Github/BMPStaging/RiparianBMPs/Barriers.html,"<a href=""../BMPpdfs/00589_to_00666_conservation_buffers.pdf"">"
/Users/Tim/Code/Github/BMPStaging/RiparianBMPs/Barriers.html,"<a href=""../BMPpdfs/00006_strawbale.pdf"">"
/Users/Tim/Code/Github/BMPStaging/RiparianBMPs/Barriers.html,"<a href=""../BMPpdfs/00943_to_00946_VirginiaForestryA4.pdf"">"
/Users/Tim/Code/Github/BMPStaging/RiparianBMPs/Barriers.html,"<a href=""../BMPpdfs/00001_brushbarrier.pdf"">"
/Users/Tim/Code/Github/BMPStaging/RiparianBMPs/Barriers.html,"<a href=""../BMPpdfs/00006_strawbale.pdf"">"
/Users/Tim/Code/Github/BMPStaging/RiparianBMPs/CoirLog.html,"<a href=""../BMPpdfs/00111_coconutfiberroll.pdf"">"
/Users/Tim/Code/Github/BMPStaging/RiparianBMPs/CoirLog.html,"<a href=""../BMPpdfs/00111_coconutfiberroll.pdf"">"
/Users/Tim/Code/Github/BMPStaging/RiparianBMPs/CoirLog.html,"<a href=""../BMPpdfs/00725_to_00756_Urban_Stream_Repair_Practices.pdf"">"
/Users/Tim/Code/Github/BMPStaging/RiparianBMPs/CoirLog.html,"<a href=""../BMPpdfs/00564_to 00588_Alaska.pdf"">"
/Users/Tim/Code/Github/BMPStaging/RiparianBMPs/CoirLog.html,"<a href=""../BMPpdfs/00111_coconutfiberroll.pdf"">"
/Users/Tim/Code/Github/BMPStaging/RiparianBMPs/CoirLog.html,"<a href=""../BMPpdfs/00725_to_00756_Urban_Stream_Repair_Practices.pdf"">"
/Users/Tim/Code/Github/BMPStaging/RiparianBMPs/CoirLog.html,"<a href=""../BMPpdfs/00564_to 00588_Alaska.pdf"">"
/Users/Tim/Code/Github/BMPStaging/RiparianBMPs/DesignatedTrails.html,"<a href=""../BMPpdfs/00564_to 00588_Alaska.pdf"">"
/Users/Tim/Code/Github/BMPStaging/RiparianBMPs/DesignatedTrails.html,"<a href=""../BMPpdfs/00589_to_00666_conservation_buffers.pdf"">"
/Users/Tim/Code/Github/BMPStaging/RiparianBMPs/DesignatedTrails.html,"<a href=""../BMPpdfs/00564_to 00588_Alaska.pdf"">"
/Users/Tim/Code/Github/BMPStaging/RiparianBMPs/DesignatedTrails.html,"<a href=""../BMPpdfs/00589_to_00666_conservation_buffers.pdf"">"
/Users/Tim/Code/Github/BMPStaging/RiparianBMPs/DesignatedTrails.html,"<a href=""../BMPpdfs/00589_to_00666_conservation_buffers.pdf"">"
/Users/Tim/Code/Github/BMPStaging/RiparianBMPs/DesignatedTrails.html,"<a href=""../BMPpdfs/00589_to_00666_conservation_buffers.pdf"">"
/Users/Tim/Code/Github/BMPStaging/RiparianBMPs/DesignatedTrails.html,"<a href=""../BMPpdfs/00589_to_00666_conservation_buffers.pdf"">"
/Users/Tim/Code/Github/BMPStaging/RiparianBMPs/DesignatedTrails.html,"<a href=""../BMPpdfs/00589_to_00666_conservation_buffers.pdf"">"
/Users/Tim/Code/Github/BMPStaging/RiparianBMPs/Fascines.html,"<a href=""../BMPpdfs/00564_to 00588_Alaska.pdf"">"
/Users/Tim/Code/Github/BMPStaging/RiparianBMPs/Fascines.html,"<a href=""../BMPpdfs/00111_coconutfiberroll.pdf"">"
/Users/Tim/Code/Github/BMPStaging/RiparianBMPs/Fascines.html,"<a href=""../BMPpdfs/00725_to_00756_Urban_Stream_Repair_Practices.pdf"">"
/Users/Tim/Code/Github/BMPStaging/RiparianBMPs/Fascines.html,"<a href=""../BMPpdfs/00564_to 00588_Alaska.pdf"">"
/Users/Tim/Code/Github/BMPStaging/RiparianBMPs/Fascines.html,"<a href=""../BMPpdfs/00823_to_00847_StreambankStabilizationManagementMeasures.pdf"">"
/Users/Tim/Code/Github/BMPStaging/RiparianBMPs/Fascines.html,"<a href=""../BMPpdfs/00493_FascineStreambankErosionControl.pdf"">"
/Users/Tim/Code/Github/BMPStaging/RiparianBMPs/Fascines.html,"<a href=""../BMPpdfs/00117_livefacine.pdf"">"
/Users/Tim/Code/Github/BMPStaging/RiparianBMPs/Fascines.html,"<a href=""../BMPpdfs/00140_to_00294_TCEQ BMPFinder.pdf"">"
/Users/Tim/Code/Github/BMPStaging/RiparianBMPs/Fascines.html,"<a href=""../BMPpdfs/00725_to_00756_Urban_Stream_Repair_Practices.pdf"">"
/Users/Tim/Code/Github/BMPStaging/RiparianBMPs/Fascines.html,"<a href=""../BMPpdfs/00807_to_00821_Stream_guide.pdf"">"
/Users/Tim/Code/Github/BMPStaging/RiparianBMPs/Fascines.html,"<a href=""../BMPpdfs/00564_to 00588_Alaska.pdf"">"
/Users/Tim/Code/Github/BMPStaging/RiparianBMPs/Fascines.html,"<a href=""../BMPpdfs/00117_livefacine.pdf"">"
/Users/Tim/Code/Github/BMPStaging/RiparianBMPs/Fascines.html,"<a href=""../BMPpdfs/00564_to 00588_Alaska.pdf"">"
/Users/Tim/Code/Github/BMPStaging/RiparianBMPs/RootwadComposites.html,"<a href=""../BMPpdfs/00120_logrootwad.pdf"">"
/Users/Tim/Code/Github/BMPStaging/RiparianBMPs/RootwadComposites.html,"<a href=""../BMPpdfs/00564_to 00588_Alaska.pdf"">"
/Users/Tim/Code/Github/BMPStaging/RiparianBMPs/RootwadComposites.html,"<a href=""../BMPpdfs/00478_rootwadcomposites.pdf"">"
/Users/Tim/Code/Github/BMPStaging/RiparianBMPs/RootwadComposites.html,"<a href=""../BMPpdfs/00725_to_00756_Urban_Stream_Repair_Practices.pdf"">"
/Users/Tim/Code/Github/BMPStaging/RiparianBMPs/RootwadComposites.html,"<a href=""../BMPpdfs/00823_to_00847_StreambankStabilizationManagementMeasures.pdf"">"
/Users/Tim/Code/Github/BMPStaging/RiparianBMPs/RootwadComposites.html,"<a href=""../BMPpdfs/01157_to_001193_MidPen.pdf"">"
/Users/Tim/Code/Github/BMPStaging/RiparianBMPs/RootwadComposites.html,"<a href=""../BMPpdfs/00965_to00986_Impacts.pdf"">"
/Users/Tim/Code/Github/BMPStaging/RiparianBMPs/RootwadComposites.html,"<a href=""../BMPpdfs/00478_rootwadcomposites.pdf"">"
/Users/Tim/Code/Github/BMPStaging/RiparianBMPs/RootwadComposites.html,"<a href=""../BMPpdfs/00120_logrootwad.pdf"">"
/Users/Tim/Code/Github/BMPStaging/RiparianBMPs/RootwadComposites.html,"<a href=""../BMPpdfs/00564_to 00588_Alaska.pdf"">"
/Users/Tim/Code/Github/BMPStaging/RiparianBMPs/GrazingControl.html,"<a href=""../BMPpdfs/00589_to_00666_conservation_buffers.pdf"">"
/Users/Tim/Code/Github/BMPStaging/RiparianBMPs/GrazingControl.html,"<a href=""../BMPpdfs/00823_to_00847_StreambankStabilizationManagementMeasures.pdf"">"
/Users/Tim/Code/Github/BMPStaging/RiparianBMPs/GrazingControl.html,"<a href=""../BMPpdfs/00912_grazing.pdf"">"
/Users/Tim/Code/Github/BMPStaging/RiparianBMPs/GrazingControl.html,"<a href=""../BMPpdfs/00923_ripariangrazingguidelines.pdf"">"
/Users/Tim/Code/Github/BMPStaging/RiparianBMPs/GrazingControl.html,"<a href=""../BMPpdfs/00718_Idaho.pdf"">"
/Users/Tim/Code/Github/BMPStaging/RiparianBMPs/GrazingControl.html,"<a href=""../BMPpdfs/00913_managedgraze.pdf"">"
/Users/Tim/Code/Github/BMPStaging/RiparianBMPs/GrazingControl.html,"<a href=""../BMPpdfs/00928_USDAGrazingIntermountainRegion.pdf"">"
/Users/Tim/Code/Github/BMPStaging/RiparianBMPs/GrazingControl.html,"<a href=""../BMPpdfs/00381_to_00419_AgriLife_stormwater.pdf"">"
/Users/Tim/Code/Github/BMPStaging/RiparianBMPs/GrazingControl.html,"<a href=""../BMPpdfs/00421_to_00428_Land_Mgt_Tips_Small_Ranches_Texas_comp.pdf"">"
/Users/Tim/Code/Github/BMPStaging/RiparianBMPs/GrazingControl.html,"<a href=""../BMPpdfs/00718_Idaho.pdf"">"
/Users/Tim/Code/Github/BMPStaging/RiparianBMPs/RiparianBufferZone.html,"<a href=""../BMPpdfs/00558_to_00563_wetlandswatershed.pdf"">"
/Users/Tim/Code/Github/BMPStaging/RiparianBMPs/RiparianBufferZone.html,"<a href=""../BMPpdfs/01005_Correll2005.pdf"">"
/Users/Tim/Code/Github/BMPStaging/RiparianBMPs/RiparianBufferZone.html,"<a href=""../BMPpdfs/00715_UofGeorgia.pdf"">"
/Users/Tim/Code/Github/BMPStaging/RiparianBMPs/RiparianBufferZone.html,"<a href=""../BMPpdfs/00589_to_00666_conservation_buffers.pdf"">"
/Users/Tim/Code/Github/BMPStaging/RiparianBMPs/RiparianBufferZone.html,"<a href=""../BMPpdfs/00992_LitBuffer.pdf"">"
/Users/Tim/Code/Github/BMPStaging/RiparianBMPs/RiparianBufferZone.html,"<a href=""../BMPpdfs/00589_to_00666_conservation_buffers.pdf"">"
/Users/Tim/Code/Github/BMPStaging/RiparianBMPs/RiparianBufferZone.html,"<a href=""../BMPpdfs/00887_to_00910_KSUInformationSigns.pdf"">"
/Users/Tim/Code/Github/BMPStaging/RiparianBMPs/RiparianBufferZone.html,"<a href=""../BMPpdfs/00807_to_00821_Stream_guide.pdf"">"
/Users/Tim/Code/Github/BMPStaging/RiparianBMPs/RiparianBufferZone.html,"<a href=""../BMPpdfs/00509_to_00547_nonstuctural_urban_bmp.pdf"">"
/Users/Tim/Code/Github/BMPStaging/RiparianBMPs/RiparianBufferZone.html,"<a href=""../BMPpdfs/00481_designrecommendationsripariancorridors.pdf"">"
/Users/Tim/Code/Github/BMPStaging/RiparianBMPs/RiparianBufferZone.html,"<a href=""../BMPpdfs/00589_to_00666_conservation_buffers.pdf"">"
/Users/Tim/Code/Github/BMPStaging/RiparianBMPs/RiparianBufferZone.html,"<a href=""../BMPpdfs/00509_to_00547_nonstuctural_urban_bmp.pdf"">"
/Users/Tim/Code/Github/BMPStaging/RiparianBMPs/RiparianBufferZone.html,"<a href=""../BMPpdfs/00996_FishBuffer.pdf"">"
/Users/Tim/Code/Github/BMPStaging/RiparianBMPs/RiparianBufferZone.html,"<a href=""../BMPpdfs/00998_bufferguide.pdf"">"
/Users/Tim/Code/Github/BMPStaging/RiparianBMPs/RiparianBufferZone.html,"<a href=""../BMPpdfs/00589_to_00666_conservation_buffers.pdf"">"
/Users/Tim/Code/Github/BMPStaging/RiparianBMPs/RiparianBufferZone.html,"<a href=""../BMPpdfs/00709_riparian.pdf"">"
/Users/Tim/Code/Github/BMPStaging/RiparianBMPs/RiparianBufferZone.html,"<a href=""../BMPpdfs/01012_StroudPreserve.pdf"">"
/Users/Tim/Code/Github/BMPStaging/RiparianBMPs/RiparianBufferZone.html,"<a href=""../BMPpdfs/01007_riparian5.pdf"">"
/Users/Tim/Code/Github/BMPStaging/RiparianBMPs/RiparianBufferZone.html,"<a href=""../BMPpdfs/00717_RiparianBuffer.PDF"">"
/Users/Tim/Code/Github/BMPStaging/RiparianBMPs/RiparianBufferZone.html,"<a href=""../BMPpdfs/00995_bufferguidlines.pdf"">"
/Users/Tim/Code/Github/BMPStaging/RiparianBMPs/RiparianBufferZone.html,"<a href=""../BMPpdfs/00126_riparianzone.pdf"">"
/Users/Tim/Code/Github/BMPStaging/RiparianBMPs/RiparianBufferZone.html,"<a href=""../BMPpdfs/00848_bufferpreserve.pdf"">"
/Users/Tim/Code/Github/BMPStaging/RiparianBMPs/RiparianBufferZone.html,"<a href=""../BMPpdfs/00918_PennRiparianBuffer.pdf"">"
/Users/Tim/Code/Github/BMPStaging/RiparianBMPs/RiparianBufferZone.html,"<a href=""../BMPpdfs/00994_EPAreview.pdf"">"
/Users/Tim/Code/Github/BMPStaging/RiparianBMPs/RiparianBufferZone.html,"<a href=""../BMPpdfs/00126_riparianzone.pdf"">"
/Users/Tim/Code/Github/BMPStaging/RiparianBMPs/RiparianBufferZone.html,"<a href=""../BMPpdfs/01011_bufferzones.pdf"">"
/Users/Tim/Code/Github/BMPStaging/RiparianBMPs/RiparianBufferZone.html,"<a href=""../BMPpdfs/01014_riparianwidths.pdf"">"
/Users/Tim/Code/Github/BMPStaging/RiparianBMPs/RiparianBufferZone.html,"<a href=""../BMPpdfs/01009_RiparianLP.pdf"">"
/Users/Tim/Code/Github/BMPStaging/RiparianBMPs/RiparianBufferZone.html,"<a href=""../BMPpdfs/01006_Riparian.pdf"">"
/Users/Tim/Code/Github/BMPStaging/RiparianBMPs/RiparianBufferZone.html,"<a href=""../BMPpdfs/00077_rip_for_buff.pdf"">"
/Users/Tim/Code/Github/BMPStaging/RiparianBMPs/RiparianBufferZone.html,"<a href=""../BMPpdfs/01001_Maryland.pdf"">"
/Users/Tim/Code/Github/BMPStaging/RiparianBMPs/RiparianBufferZone.html,"<a href=""../BMPpdfs/01008_riparian_design.pdf"">"
/Users/Tim/Code/Github/BMPStaging/RiparianBMPs/RiparianBufferZone.html,"<a href=""../BMPpdfs/01003_NRCSdesign.pdf"">"
/Users/Tim/Code/Github/BMPStaging/RiparianBMPs/RiparianBufferZone.html,"<a href=""../BMPpdfs/00496_Blinn_and_Kilgore_2001.pdf"">"
/Users/Tim/Code/Github/BMPStaging/RiparianBMPs/RiparianBufferZone.html,"<a href=""../BMPpdfs/00589_to_00666_conservation_buffers.pdf"">"
/Users/Tim/Code/Github/BMPStaging/RiparianBMPs/RiparianBufferZone.html,"<a href=""../BMPpdfs/00850_to_00862_riparianconservation.pdf"">"
/Users/Tim/Code/Github/BMPStaging/RiparianBMPs/RiparianBufferZone.html,"<a href=""../BMPpdfs/01013_SAI.pdf"">"
/Users/Tim/Code/Github/BMPStaging/RiparianBMPs/RiparianBufferZone.html,"<a href=""../BMPpdfs/01015_Zurba2007.pdf"">"
/Users/Tim/Code/Github/BMPStaging/RiparianBMPs/RiparianBufferZone.html,"<a href=""../BMPpdfs/00589_to_00666_conservation_buffers.pdf"">"
/Users/Tim/Code/Github/BMPStaging/RiparianBMPs/RiparianBufferZone.html,"<a href=""../BMPpdfs/00509_to_00547_nonstuctural_urban_bmp.pdf"">"
/Users/Tim/Code/Github/BMPStaging/RiparianBMPs/RiparianBufferZone.html,"<a href=""../BMPpdfs/00381_to_00419_AgriLife_stormwater.pdf"">"
/Users/Tim/Code/Github/BMPStaging/RiparianBMPs/RiparianBufferZone.html,"<a href=""../BMPpdfs/00999_bufferzones.pdf"">"
/Users/Tim/Code/Github/BMPStaging/RiparianBMPs/RiparianBufferZone.html,"<a href=""../BMPpdfs/00589_to_00666_conservation_buffers.pdf"">"
/Users/Tim/Code/Github/BMPStaging/RiparianBMPs/RiparianBufferZone.html,"<a href=""../BMPpdfs/00993_GolfBufferStrips.pdf"">"
/Users/Tim/Code/Github/BMPStaging/RiparianBMPs/RiparianBufferZone.html,"<a href=""../BMPpdfs/00996_FishBuffer.pdf"">"
/Users/Tim/Code/Github/BMPStaging/RiparianBMPs/RiparianBufferZone.html,"<a href=""../BMPpdfs/00589_to_00666_conservation_buffers.pdf"">"
/Users/Tim/Code/Github/BMPStaging/RiparianBMPs/RiparianBufferZone.html,"<a href=""../BMPpdfs/00589_to_00666_conservation_buffers.pdf"">"
/Users/Tim/Code/Github/BMPStaging/RiparianBMPs/RiparianBufferZone.html,"<a href=""../BMPpdfs/00996_FishBuffer.pdf"">"
/Users/Tim/Code/Github/BMPStaging/RiparianBMPs/RiparianBufferZone.html,"<a href=""../BMPpdfs/00126_riparianzone.pdf"">"
/Users/Tim/Code/Github/BMPStaging/RiparianBMPs/RiparianBufferZone.html,"<a href=""../BMPpdfs/00481_designrecommendationsripariancorridors.pdf"">"
/Users/Tim/Code/Github/BMPStaging/RiparianBMPs/BrushLayering.html,"<a href=""../BMPpdfs/00564_to 00588_Alaska.pdf"">"
/Users/Tim/Code/Github/BMPStaging/RiparianBMPs/BrushLayering.html,"<a href=""../BMPpdfs/00823_to_00847_StreambankStabilizationManagementMeasures.pdf"">"
/Users/Tim/Code/Github/BMPStaging/RiparianBMPs/BrushLayering.html,"<a href=""../BMPpdfs/00109_brushlayer.pdf"">"
/Users/Tim/Code/Github/BMPStaging/RiparianBMPs/BrushLayering.html,"<a href=""../BMPpdfs/00807_to_00821_Stream_guide.pdf"">"
/Users/Tim/Code/Github/BMPStaging/RiparianBMPs/BrushLayering.html,"<a href=""../BMPpdfs/00564_to 00588_Alaska.pdf"">"
/Users/Tim/Code/Github/BMPStaging/RiparianBMPs/BrushLayering.html,"<a href=""../BMPpdfs/00109_brushlayer.pdf"">"
/Users/Tim/Code/Github/BMPStaging/RiparianBMPs/AlternateShade.html,"<a href=""../BMPpdfs/01325_NRCS_shade.pdf"">"
/Users/Tim/Code/Github/BMPStaging/RiparianBMPs/AlternateShade.html,"<a href=""../BMPpdfs/01335_to_01340_OhioExt_RiparianLivestock.pdf"">"
/Users/Tim/Code/Github/BMPStaging/RiparianBMPs/AlternateShade.html,"<a href=""../BMPpdfs/01389_ShadeOptions.pdf"">"
/Users/Tim/Code/Github/BMPStaging/RiparianBMPs/AlternateShade.html,"<a href=""../BMPpdfs/01215_Mtg_unimelb_edu_au.pdf"">"
/Users/Tim/Code/Github/BMPStaging/RiparianBMPs/AlternateShade.html,"<a href=""../BMPpdfs/00887_to_00910_KSUInformationSigns.pdf"">"
/Users/Tim/Code/Github/BMPStaging/RiparianBMPs/AlternateShade.html,"<a href=""../BMPpdfs/01325_NRCS_shade.pdf"">"
/Users/Tim/Code/Github/BMPStaging/RiparianBMPs/LiveSiltation.html,"<a href=""../BMPpdfs/00564_to 00588_Alaska.pdf"">"
/Users/Tim/Code/Github/BMPStaging/RiparianBMPs/LiveSiltation.html,"<a href=""../BMPpdfs/00564_to 00588_Alaska.pdf"">"
/Users/Tim/Code/Github/BMPStaging/RiparianBMPs/BankToeProtection.html,"<a href=""../BMPpdfs/00725_to_00756_Urban_Stream_Repair_Practices.pdf"">"
/Users/Tim/Code/Github/BMPStaging/RiparianBMPs/BankToeProtection.html,"<a href=""../BMPpdfs/00120_logrootwad.pdf"">"
/Users/Tim/Code/Github/BMPStaging/RiparianBMPs/BankToeProtection.html,"<a href=""../BMPpdfs/00757_to_00758_AnIntegratedFrameworktoRestoreSmallUrbanWatersheds.pdf"">"
/Users/Tim/Code/Github/BMPStaging/RiparianBMPs/BankToeProtection.html,"<a href=""../BMPpdfs/00760_to_00806_AustralianStreamRehabilitationManualvol2.pdf"">"
/Users/Tim/Code/Github/BMPStaging/RiparianBMPs/BankToeProtection.html,"<a href=""../BMPpdfs/00140_to_00294_TCEQ BMPFinder.pdf"">"
/Users/Tim/Code/Github/BMPStaging/RiparianBMPs/BankToeProtection.html,"<a href=""../BMPpdfs/00132_treerevetment.pdf"">"
/Users/Tim/Code/Github/BMPStaging/RiparianBMPs/BankToeProtection.html,"<a href=""../BMPpdfs/00725_to_00756_Urban_Stream_Repair_Practices.pdf"">"
/Users/Tim/Code/Github/BMPStaging/RiparianBMPs/BankToeProtection.html,"<a href=""../BMPpdfs/00106_bagrevetment.pdf"">"
/Users/Tim/Code/Github/BMPStaging/RiparianBMPs/BankToeProtection.html,"<a href=""../BMPpdfs/00140_to_00294_TCEQ BMPFinder.pdf"">"
/Users/Tim/Code/Github/BMPStaging/RiparianBMPs/BankToeProtection.html,"<a href=""../BMPpdfs/00028_concreteblkrevet.pdf"">"
/Users/Tim/Code/Github/BMPStaging/RiparianBMPs/BankToeProtection.html,"<a href=""../BMPpdfs/00031_gabionrevet.pdf"">"
/Users/Tim/Code/Github/BMPStaging/RiparianBMPs/BankToeProtection.html,"<a href=""../BMPpdfs/00140_to_00294_TCEQ BMPFinder.pdf"">"
/Users/Tim/Code/Github/BMPStaging/RiparianBMPs/BankToeProtection.html,"<a href=""../BMPpdfs/00123_pilingrevetment.pdf"">"
/Users/Tim/Code/Github/BMPStaging/RiparianBMPs/BankToeProtection.html,"<a href=""../BMPpdfs/00124_pilingrevetment.pdf"">"
/Users/Tim/Code/Github/BMPStaging/RiparianBMPs/BankToeProtection.html,"<a href=""../BMPpdfs/00127_rockriprap.pdf"">"
/Users/Tim/Code/Github/BMPStaging/RiparianBMPs/BankToeProtection.html,"<a href=""../BMPpdfs/00042_stonerevet.pdf"">"
/Users/Tim/Code/Github/BMPStaging/RiparianBMPs/BankToeProtection.html,"<a href=""../BMPpdfs/00136_veg_rockgabions.pdf"">"
/Users/Tim/Code/Github/BMPStaging/RiparianBMPs/BankToeProtection.html,"<a href=""../BMPpdfs/00120_logrootwad.pdf"">"
